"or","de","Time","acm_id","sch_id"
"91327","147+E.+107th+Street+Los+Angeles+CA+90003",3091,17,1
"91327","10915+S.+Mc+Kinley+Ave.+Los+Angeles+CA+90059",3253,17,2
"91327","405+E+122nd+St+Los+Angeles+Ca+90061",3283,17,3
"91327","330+E.+93rd+St+Los+Angeles+CA+90003",3083,17,4
"91327","1575+W+2nd.+ST+Los+Angeles+CA+90026",2261,17,5
"91327","1575+W+2nd.+ST+Los+Angeles+CA+90026",2261,17,24
"91327","4410+McKinley+Ave+Los+Angeles+CA+90011",2781,17,6
"91327","3500+S.+Hill+St.+Los+Angeles+CA+90007",2635,17,8
"91327","1515+E.+104th+St.+Los+Angeles+CA+90002",3322,17,9
"91327","234+E+112TH+ST+LOS+ANGELES+CA+90061",3024,17,10
"91327","2510+E.+Sixth+St.+Los+Angeles+CA+90023",2285,17,11
"91327","1319+E+41st+St.+Los+Angeles+Ca+90011",2790,17,12
"91327","1319+E+41st+St.+Los+Angeles+Ca+90011",2790,17,19
"91327","650+S.+Union+Ave.+Los+Angeles+CA+90017",2309,17,13
"91327","2265+E.+103rd+St+Los+Angeles+CA+90002",3444,17,14
"91327","325+E+111th+St+Los+Angeles+CA+90061",3101,17,15
"91327","4131+S+Vermont+Ave+Los+Angeles+Ca+90037",2618,17,16
"91327","1650+E.+104th+St.+Los+Angeles+CA+90002",3309,17,17
"91327","1200+Plaza+del+Sol+Los+Angeles+CA+90033",2221,17,18
"91327","4505+S.+Raymond+Ave.+Los+Angeles+CA+90037",2859,17,20
"91327","3201+W.+8th+St.+Los+Angeles+CA+90010",2258,17,21
"91327","1700+W+46TH+ST+Los+Angeles+CA+90062",2970,17,22
"91327","456+S+Mathews+St+Los+Angeles+CA+90033",2253,17,23
"91327","1921+S+Maple+Ave.+Los+Angeles+CA+90011",2565,17,25
"91327","725+S.+Indiana+St.+Los+Angeles+CA+90023",2438,17,26
"91327","152+N.+Vermont+Ave.+Los+Angeles+CA+90004",1956,17,27
"91327","144+E+118th+St+Los+Angeles+CA+90061",3192,17,28
"91327","1940+E+111TH+St.+LOS+ANGELES+CA+90059",3330,17,29
"91327","322+LUCAS+AVELOS+ANGELES+CA+90017",2132,17,30
"91327","322+LUCAS+AVELOS+ANGELES+CA+90017",2132,17,31
"91327","322+LUCAS+AVELOS+ANGELES+CA+90017",2132,17,32
"91327","322+LUCAS+AVELOS+ANGELES+CA+90017",2132,17,33
"91733","147+E.+107th+Street+Los+Angeles+CA+90003",2022,1,1
"91733","10915+S.+Mc+Kinley+Ave.+Los+Angeles+CA+90059",1895,1,2
"91733","405+E+122nd+St+Los+Angeles+Ca+90061",1880,1,3
"91733","330+E.+93rd+St+Los+Angeles+CA+90003",2091,1,4
"91733","1575+W+2nd.+ST+Los+Angeles+CA+90026",2022,1,5
"91733","1575+W+2nd.+ST+Los+Angeles+CA+90026",2022,1,24
"91733","4410+McKinley+Ave+Los+Angeles+CA+90011",1835,1,6
"91733","3500+S.+Hill+St.+Los+Angeles+CA+90007",1663,1,8
"91733","1515+E.+104th+St.+Los+Angeles+CA+90002",1878,1,9
"91733","234+E+112TH+ST+LOS+ANGELES+CA+90061",1935,1,10
"91733","2510+E.+Sixth+St.+Los+Angeles+CA+90023",988,1,11
"91733","1319+E+41st+St.+Los+Angeles+Ca+90011",1547,1,12
"91733","1319+E+41st+St.+Los+Angeles+Ca+90011",1547,1,19
"91733","650+S.+Union+Ave.+Los+Angeles+CA+90017",1961,1,13
"91733","2265+E.+103rd+St+Los+Angeles+CA+90002",1834,1,14
"91733","325+E+111th+St+Los+Angeles+CA+90061",1905,1,15
"91733","4131+S+Vermont+Ave+Los+Angeles+Ca+90037",1873,1,16
"91733","1650+E.+104th+St.+Los+Angeles+CA+90002",1846,1,17
"91733","1200+Plaza+del+Sol+Los+Angeles+CA+90033",1182,1,18
"91733","4505+S.+Raymond+Ave.+Los+Angeles+CA+90037",2034,1,20
"91733","3201+W.+8th+St.+Los+Angeles+CA+90010",1970,1,21
"91733","1700+W+46TH+ST+Los+Angeles+CA+90062",2207,1,22
"91733","456+S+Mathews+St+Los+Angeles+CA+90033",996,1,23
"91733","1921+S+Maple+Ave.+Los+Angeles+CA+90011",1486,1,25
"91733","725+S.+Indiana+St.+Los+Angeles+CA+90023",826,1,26
"91733","152+N.+Vermont+Ave.+Los+Angeles+CA+90004",2061,1,27
"91733","144+E+118th+St+Los+Angeles+CA+90061",2010,1,28
"91733","1940+E+111TH+St.+LOS+ANGELES+CA+90059",1755,1,29
"91733","322+LUCAS+AVELOS+ANGELES+CA+90017",1800,1,30
"91733","322+LUCAS+AVELOS+ANGELES+CA+90017",1800,1,31
"91733","322+LUCAS+AVELOS+ANGELES+CA+90017",1800,1,32
"91733","322+LUCAS+AVELOS+ANGELES+CA+90017",1800,1,33
"90043","147+E.+107th+Street+Los+Angeles+CA+90003",1191,21,1
"90043","10915+S.+Mc+Kinley+Ave.+Los+Angeles+CA+90059",1354,21,2
"90043","405+E+122nd+St+Los+Angeles+Ca+90061",1305,21,3
"90043","330+E.+93rd+St+Los+Angeles+CA+90003",1261,21,4
"90043","1575+W+2nd.+ST+Los+Angeles+CA+90026",1740,21,5
"90043","1575+W+2nd.+ST+Los+Angeles+CA+90026",1740,21,24
"90043","4410+McKinley+Ave+Los+Angeles+CA+90011",995,21,6
"90043","3500+S.+Hill+St.+Los+Angeles+CA+90007",908,21,8
"90043","1515+E.+104th+St.+Los+Angeles+CA+90002",1446,21,9
"90043","234+E+112TH+ST+LOS+ANGELES+CA+90061",1191,21,10
"90043","2510+E.+Sixth+St.+Los+Angeles+CA+90023",1698,21,11
"90043","1319+E+41st+St.+Los+Angeles+Ca+90011",1174,21,12
"90043","1319+E+41st+St.+Los+Angeles+Ca+90011",1174,21,19
"90043","650+S.+Union+Ave.+Los+Angeles+CA+90017",1602,21,13
"90043","2265+E.+103rd+St+Los+Angeles+CA+90002",1519,21,14
"90043","325+E+111th+St+Los+Angeles+CA+90061",1188,21,15
"90043","4131+S+Vermont+Ave+Los+Angeles+Ca+90037",664,21,16
"90043","1650+E.+104th+St.+Los+Angeles+CA+90002",1431,21,17
"90043","1200+Plaza+del+Sol+Los+Angeles+CA+90033",1847,21,18
"90043","4505+S.+Raymond+Ave.+Los+Angeles+CA+90037",521,21,20
"90043","3201+W.+8th+St.+Los+Angeles+CA+90010",1435,21,21
"90043","1700+W+46TH+ST+Los+Angeles+CA+90062",386,21,22
"90043","456+S+Mathews+St+Los+Angeles+CA+90033",1712,21,23
"90043","1921+S+Maple+Ave.+Los+Angeles+CA+90011",1198,21,25
"90043","725+S.+Indiana+St.+Los+Angeles+CA+90023",1799,21,26
"90043","152+N.+Vermont+Ave.+Los+Angeles+CA+90004",1747,21,27
"90043","144+E+118th+St+Los+Angeles+CA+90061",1310,21,28
"90043","1940+E+111TH+St.+LOS+ANGELES+CA+90059",1311,21,29
"90043","322+LUCAS+AVELOS+ANGELES+CA+90017",1660,21,30
"90043","322+LUCAS+AVELOS+ANGELES+CA+90017",1660,21,31
"90043","322+LUCAS+AVELOS+ANGELES+CA+90017",1660,21,32
"90043","322+LUCAS+AVELOS+ANGELES+CA+90017",1660,21,33
"90044","147+E.+107th+Street+Los+Angeles+CA+90003",395,108,1
"90044","10915+S.+Mc+Kinley+Ave.+Los+Angeles+CA+90059",586,108,2
"90044","405+E+122nd+St+Los+Angeles+Ca+90061",672,108,3
"90044","330+E.+93rd+St+Los+Angeles+CA+90003",471,108,4
"90044","1575+W+2nd.+ST+Los+Angeles+CA+90026",1817,108,5
"90044","1575+W+2nd.+ST+Los+Angeles+CA+90026",1817,108,24
"90044","4410+McKinley+Ave+Los+Angeles+CA+90011",1023,108,6
"90044","3500+S.+Hill+St.+Los+Angeles+CA+90007",975,108,8
"90044","1515+E.+104th+St.+Los+Angeles+CA+90002",662,108,9
"90044","234+E+112TH+ST+LOS+ANGELES+CA+90061",435,108,10
"90044","2510+E.+Sixth+St.+Los+Angeles+CA+90023",1734,108,11
"90044","1319+E+41st+St.+Los+Angeles+Ca+90011",1224,108,12
"90044","1319+E+41st+St.+Los+Angeles+Ca+90011",1224,108,19
"90044","650+S.+Union+Ave.+Los+Angeles+CA+90017",1653,108,13
"90044","2265+E.+103rd+St+Los+Angeles+CA+90002",832,108,14
"90044","325+E+111th+St+Los+Angeles+CA+90061",477,108,15
"90044","4131+S+Vermont+Ave+Los+Angeles+Ca+90037",877,108,16
"90044","1650+E.+104th+St.+Los+Angeles+CA+90002",644,108,17
"90044","1200+Plaza+del+Sol+Los+Angeles+CA+90033",1922,108,18
"90044","4505+S.+Raymond+Ave.+Los+Angeles+CA+90037",742,108,20
"90044","3201+W.+8th+St.+Los+Angeles+CA+90010",1666,108,21
"90044","1700+W+46TH+ST+Los+Angeles+CA+90062",818,108,22
"90044","456+S+Mathews+St+Los+Angeles+CA+90033",1731,108,23
"90044","1921+S+Maple+Ave.+Los+Angeles+CA+90011",1329,108,25
"90044","725+S.+Indiana+St.+Los+Angeles+CA+90023",1716,108,26
"90044","152+N.+Vermont+Ave.+Los+Angeles+CA+90004",2107,108,27
"90044","144+E+118th+St+Los+Angeles+CA+90061",596,108,28
"90044","1940+E+111TH+St.+LOS+ANGELES+CA+90059",782,108,29
"90044","322+LUCAS+AVELOS+ANGELES+CA+90017",1671,108,30
"90044","322+LUCAS+AVELOS+ANGELES+CA+90017",1671,108,31
"90044","322+LUCAS+AVELOS+ANGELES+CA+90017",1671,108,32
"90044","322+LUCAS+AVELOS+ANGELES+CA+90017",1671,108,33
"90029","147+E.+107th+Street+Los+Angeles+CA+90003",1800,24,1
"90029","10915+S.+Mc+Kinley+Ave.+Los+Angeles+CA+90059",1943,24,2
"90029","405+E+122nd+St+Los+Angeles+Ca+90061",2010,24,3
"90029","330+E.+93rd+St+Los+Angeles+CA+90003",1876,24,4
"90029","1575+W+2nd.+ST+Los+Angeles+CA+90026",856,24,5
"90029","1575+W+2nd.+ST+Los+Angeles+CA+90026",856,24,24
"90029","4410+McKinley+Ave+Los+Angeles+CA+90011",1576,24,6
"90029","3500+S.+Hill+St.+Los+Angeles+CA+90007",1280,24,8
"90029","1515+E.+104th+St.+Los+Angeles+CA+90002",2037,24,9
"90029","234+E+112TH+ST+LOS+ANGELES+CA+90061",1794,24,10
"90029","2510+E.+Sixth+St.+Los+Angeles+CA+90023",1255,24,11
"90029","1319+E+41st+St.+Los+Angeles+Ca+90011",1629,24,12
"90029","1319+E+41st+St.+Los+Angeles+Ca+90011",1629,24,19
"90029","650+S.+Union+Ave.+Los+Angeles+CA+90017",977,24,13
"90029","2265+E.+103rd+St+Los+Angeles+CA+90002",2130,24,14
"90029","325+E+111th+St+Los+Angeles+CA+90061",1844,24,15
"90029","4131+S+Vermont+Ave+Los+Angeles+Ca+90037",1418,24,16
"90029","1650+E.+104th+St.+Los+Angeles+CA+90002",2021,24,17
"90029","1200+Plaza+del+Sol+Los+Angeles+CA+90033",1034,24,18
"90029","4505+S.+Raymond+Ave.+Los+Angeles+CA+90037",1635,24,20
"90029","3201+W.+8th+St.+Los+Angeles+CA+90010",675,24,21
"90029","1700+W+46TH+ST+Los+Angeles+CA+90062",1701,24,22
"90029","456+S+Mathews+St+Los+Angeles+CA+90033",1235,24,23
"90029","1921+S+Maple+Ave.+Los+Angeles+CA+90011",1307,24,25
"90029","725+S.+Indiana+St.+Los+Angeles+CA+90023",1439,24,26
"90029","152+N.+Vermont+Ave.+Los+Angeles+CA+90004",334,24,27
"90029","144+E+118th+St+Los+Angeles+CA+90061",1923,24,28
"90029","1940+E+111TH+St.+LOS+ANGELES+CA+90059",1949,24,29
"90029","322+LUCAS+AVELOS+ANGELES+CA+90017",826,24,30
"90029","322+LUCAS+AVELOS+ANGELES+CA+90017",826,24,31
"90029","322+LUCAS+AVELOS+ANGELES+CA+90017",826,24,32
"90029","322+LUCAS+AVELOS+ANGELES+CA+90017",826,24,33
"90660","147+E.+107th+Street+Los+Angeles+CA+90003",1718,27,1
"90660","10915+S.+Mc+Kinley+Ave.+Los+Angeles+CA+90059",1604,27,2
"90660","405+E+122nd+St+Los+Angeles+Ca+90061",1594,27,3
"90660","330+E.+93rd+St+Los+Angeles+CA+90003",1797,27,4
"90660","1575+W+2nd.+ST+Los+Angeles+CA+90026",2010,27,5
"90660","1575+W+2nd.+ST+Los+Angeles+CA+90026",2010,27,24
"90660","4410+McKinley+Ave+Los+Angeles+CA+90011",1952,27,6
"90660","3500+S.+Hill+St.+Los+Angeles+CA+90007",1862,27,8
"90660","1515+E.+104th+St.+Los+Angeles+CA+90002",1562,27,9
"90660","234+E+112TH+ST+LOS+ANGELES+CA+90061",1632,27,10
"90660","2510+E.+Sixth+St.+Los+Angeles+CA+90023",1257,27,11
"90660","1319+E+41st+St.+Los+Angeles+Ca+90011",1763,27,12
"90660","1319+E+41st+St.+Los+Angeles+Ca+90011",1763,27,19
"90660","650+S.+Union+Ave.+Los+Angeles+CA+90017",2123,27,13
"90660","2265+E.+103rd+St+Los+Angeles+CA+90002",1605,27,14
"90660","325+E+111th+St+Los+Angeles+CA+90061",1619,27,15
"90660","4131+S+Vermont+Ave+Los+Angeles+Ca+90037",2079,27,16
"90660","1650+E.+104th+St.+Los+Angeles+CA+90002",1682,27,17
"90660","1200+Plaza+del+Sol+Los+Angeles+CA+90033",1390,27,18
"90660","4505+S.+Raymond+Ave.+Los+Angeles+CA+90037",2246,27,20
"90660","3201+W.+8th+St.+Los+Angeles+CA+90010",2176,27,21
"90660","1700+W+46TH+ST+Los+Angeles+CA+90062",2409,27,22
"90660","456+S+Mathews+St+Los+Angeles+CA+90033",1279,27,23
"90660","1921+S+Maple+Ave.+Los+Angeles+CA+90011",1682,27,25
"90660","725+S.+Indiana+St.+Los+Angeles+CA+90023",1026,27,26
"90660","152+N.+Vermont+Ave.+Los+Angeles+CA+90004",2244,27,27
"90660","144+E+118th+St+Los+Angeles+CA+90061",1723,27,28
"90660","1940+E+111TH+St.+LOS+ANGELES+CA+90059",1422,27,29
"90660","322+LUCAS+AVELOS+ANGELES+CA+90017",2117,27,30
"90660","322+LUCAS+AVELOS+ANGELES+CA+90017",2117,27,31
"90660","322+LUCAS+AVELOS+ANGELES+CA+90017",2117,27,32
"90660","322+LUCAS+AVELOS+ANGELES+CA+90017",2117,27,33
"91326","147+E.+107th+Street+Los+Angeles+CA+90003",3269,29,1
"91326","10915+S.+Mc+Kinley+Ave.+Los+Angeles+CA+90059",3435,29,2
"91326","405+E+122nd+St+Los+Angeles+Ca+90061",3428,29,3
"91326","330+E.+93rd+St+Los+Angeles+CA+90003",3339,29,4
"91326","1575+W+2nd.+ST+Los+Angeles+CA+90026",2324,29,5
"91326","1575+W+2nd.+ST+Los+Angeles+CA+90026",2324,29,24
"91326","4410+McKinley+Ave+Los+Angeles+CA+90011",2997,29,6
"91326","3500+S.+Hill+St.+Los+Angeles+CA+90007",2770,29,8
"91326","1515+E.+104th+St.+Los+Angeles+CA+90002",3490,29,9
"91326","234+E+112TH+ST+LOS+ANGELES+CA+90061",3237,29,10
"91326","2510+E.+Sixth+St.+Los+Angeles+CA+90023",2431,29,11
"91326","1319+E+41st+St.+Los+Angeles+Ca+90011",2968,29,12
"91326","1319+E+41st+St.+Los+Angeles+Ca+90011",2968,29,19
"91326","650+S.+Union+Ave.+Los+Angeles+CA+90017",2511,29,13
"91326","2265+E.+103rd+St+Los+Angeles+CA+90002",3728,29,14
"91326","325+E+111th+St+Los+Angeles+CA+90061",3359,29,15
"91326","4131+S+Vermont+Ave+Los+Angeles+Ca+90037",2881,29,16
"91326","1650+E.+104th+St.+Los+Angeles+CA+90002",3504,29,17
"91326","1200+Plaza+del+Sol+Los+Angeles+CA+90033",2390,29,18
"91326","4505+S.+Raymond+Ave.+Los+Angeles+CA+90037",3034,29,20
"91326","3201+W.+8th+St.+Los+Angeles+CA+90010",2401,29,21
"91326","1700+W+46TH+ST+Los+Angeles+CA+90062",3157,29,22
"91326","456+S+Mathews+St+Los+Angeles+CA+90033",2371,29,23
"91326","1921+S+Maple+Ave.+Los+Angeles+CA+90011",2720,29,25
"91326","725+S.+Indiana+St.+Los+Angeles+CA+90023",2673,29,26
"91326","152+N.+Vermont+Ave.+Los+Angeles+CA+90004",2138,29,27
"91326","144+E+118th+St+Los+Angeles+CA+90061",3366,29,28
"91326","1940+E+111TH+St.+LOS+ANGELES+CA+90059",3525,29,29
"91326","322+LUCAS+AVELOS+ANGELES+CA+90017",2353,29,30
"91326","322+LUCAS+AVELOS+ANGELES+CA+90017",2353,29,31
"91326","322+LUCAS+AVELOS+ANGELES+CA+90017",2353,29,32
"91326","322+LUCAS+AVELOS+ANGELES+CA+90017",2353,29,33
"90007","147+E.+107th+Street+Los+Angeles+CA+90003",1007,160,1
"90007","10915+S.+Mc+Kinley+Ave.+Los+Angeles+CA+90059",1154,160,2
"90007","405+E+122nd+St+Los+Angeles+Ca+90061",1174,160,3
"90007","330+E.+93rd+St+Los+Angeles+CA+90003",1049,160,4
"90007","1575+W+2nd.+ST+Los+Angeles+CA+90026",840,160,5
"90007","1575+W+2nd.+ST+Los+Angeles+CA+90026",840,160,24
"90007","4410+McKinley+Ave+Los+Angeles+CA+90011",816,160,6
"90007","3500+S.+Hill+St.+Los+Angeles+CA+90007",372,160,8
"90007","1515+E.+104th+St.+Los+Angeles+CA+90002",1238,160,9
"90007","234+E+112TH+ST+LOS+ANGELES+CA+90061",972,160,10
"90007","2510+E.+Sixth+St.+Los+Angeles+CA+90023",751,160,11
"90007","1319+E+41st+St.+Los+Angeles+Ca+90011",784,160,12
"90007","1319+E+41st+St.+Los+Angeles+Ca+90011",784,160,19
"90007","650+S.+Union+Ave.+Los+Angeles+CA+90017",583,160,13
"90007","2265+E.+103rd+St+Los+Angeles+CA+90002",1354,160,14
"90007","325+E+111th+St+Los+Angeles+CA+90061",1088,160,15
"90007","4131+S+Vermont+Ave+Los+Angeles+Ca+90037",517,160,16
"90007","1650+E.+104th+St.+Los+Angeles+CA+90002",1209,160,17
"90007","1200+Plaza+del+Sol+Los+Angeles+CA+90033",938,160,18
"90007","4505+S.+Raymond+Ave.+Los+Angeles+CA+90037",683,160,20
"90007","3201+W.+8th+St.+Los+Angeles+CA+90010",756,160,21
"90007","1700+W+46TH+ST+Los+Angeles+CA+90062",773,160,22
"90007","456+S+Mathews+St+Los+Angeles+CA+90033",773,160,23
"90007","1921+S+Maple+Ave.+Los+Angeles+CA+90011",419,160,25
"90007","725+S.+Indiana+St.+Los+Angeles+CA+90023",858,160,26
"90007","152+N.+Vermont+Ave.+Los+Angeles+CA+90004",1014,160,27
"90007","144+E+118th+St+Los+Angeles+CA+90061",1076,160,28
"90007","1940+E+111TH+St.+LOS+ANGELES+CA+90059",1162,160,29
"90007","322+LUCAS+AVELOS+ANGELES+CA+90017",794,160,30
"90007","322+LUCAS+AVELOS+ANGELES+CA+90017",794,160,31
"90007","322+LUCAS+AVELOS+ANGELES+CA+90017",794,160,32
"90007","322+LUCAS+AVELOS+ANGELES+CA+90017",794,160,33
"90638","147+E.+107th+Street+Los+Angeles+CA+90003",2337,112,1
"90638","10915+S.+Mc+Kinley+Ave.+Los+Angeles+CA+90059",2222,112,2
"90638","405+E+122nd+St+Los+Angeles+Ca+90061",2212,112,3
"90638","330+E.+93rd+St+Los+Angeles+CA+90003",2417,112,4
"90638","1575+W+2nd.+ST+Los+Angeles+CA+90026",2856,112,5
"90638","1575+W+2nd.+ST+Los+Angeles+CA+90026",2856,112,24
"90638","4410+McKinley+Ave+Los+Angeles+CA+90011",2732,112,6
"90638","3500+S.+Hill+St.+Los+Angeles+CA+90007",2608,112,8
"90638","1515+E.+104th+St.+Los+Angeles+CA+90002",2181,112,9
"90638","234+E+112TH+ST+LOS+ANGELES+CA+90061",2107,112,10
"90638","2510+E.+Sixth+St.+Los+Angeles+CA+90023",2073,112,11
"90638","1319+E+41st+St.+Los+Angeles+Ca+90011",2491,112,12
"90638","1319+E+41st+St.+Los+Angeles+Ca+90011",2491,112,19
"90638","650+S.+Union+Ave.+Los+Angeles+CA+90017",2843,112,13
"90638","2265+E.+103rd+St+Los+Angeles+CA+90002",2226,112,14
"90638","325+E+111th+St+Los+Angeles+CA+90061",2250,112,15
"90638","4131+S+Vermont+Ave+Los+Angeles+Ca+90037",2839,112,16
"90638","1650+E.+104th+St.+Los+Angeles+CA+90002",2169,112,17
"90638","1200+Plaza+del+Sol+Los+Angeles+CA+90033",2178,112,18
"90638","4505+S.+Raymond+Ave.+Los+Angeles+CA+90037",2784,112,20
"90638","3201+W.+8th+St.+Los+Angeles+CA+90010",2905,112,21
"90638","1700+W+46TH+ST+Los+Angeles+CA+90062",2946,112,22
"90638","456+S+Mathews+St+Los+Angeles+CA+90033",2074,112,23
"90638","1921+S+Maple+Ave.+Los+Angeles+CA+90011",2387,112,25
"90638","725+S.+Indiana+St.+Los+Angeles+CA+90023",1832,112,26
"90638","152+N.+Vermont+Ave.+Los+Angeles+CA+90004",2922,112,27
"90638","144+E+118th+St+Los+Angeles+CA+90061",2354,112,28
"90638","1940+E+111TH+St.+LOS+ANGELES+CA+90059",2046,112,29
"90638","322+LUCAS+AVELOS+ANGELES+CA+90017",2797,112,30
"90638","322+LUCAS+AVELOS+ANGELES+CA+90017",2797,112,31
"90638","322+LUCAS+AVELOS+ANGELES+CA+90017",2797,112,32
"90638","322+LUCAS+AVELOS+ANGELES+CA+90017",2797,112,33
"90041","147+E.+107th+Street+Los+Angeles+CA+90003",1890,114,1
"90041","10915+S.+Mc+Kinley+Ave.+Los+Angeles+CA+90059",2036,114,2
"90041","405+E+122nd+St+Los+Angeles+Ca+90061",2127,114,3
"90041","330+E.+93rd+St+Los+Angeles+CA+90003",1988,114,4
"90041","1575+W+2nd.+ST+Los+Angeles+CA+90026",1059,114,5
"90041","1575+W+2nd.+ST+Los+Angeles+CA+90026",1059,114,24
"90041","4410+McKinley+Ave+Los+Angeles+CA+90011",1699,114,6
"90041","3500+S.+Hill+St.+Los+Angeles+CA+90007",1488,114,8
"90041","1515+E.+104th+St.+Los+Angeles+CA+90002",2149,114,9
"90041","234+E+112TH+ST+LOS+ANGELES+CA+90061",1946,114,10
"90041","2510+E.+Sixth+St.+Los+Angeles+CA+90023",1117,114,11
"90041","1319+E+41st+St.+Los+Angeles+Ca+90011",1780,114,12
"90041","1319+E+41st+St.+Los+Angeles+Ca+90011",1780,114,19
"90041","650+S.+Union+Ave.+Los+Angeles+CA+90017",1250,114,13
"90041","2265+E.+103rd+St+Los+Angeles+CA+90002",2312,114,14
"90041","325+E+111th+St+Los+Angeles+CA+90061",1968,114,15
"90041","4131+S+Vermont+Ave+Los+Angeles+Ca+90037",1565,114,16
"90041","1650+E.+104th+St.+Los+Angeles+CA+90002",2185,114,17
"90041","1200+Plaza+del+Sol+Los+Angeles+CA+90033",1092,114,18
"90041","4505+S.+Raymond+Ave.+Los+Angeles+CA+90037",1732,114,20
"90041","3201+W.+8th+St.+Los+Angeles+CA+90010",1542,114,21
"90041","1700+W+46TH+ST+Los+Angeles+CA+90062",1849,114,22
"90041","456+S+Mathews+St+Los+Angeles+CA+90033",1130,114,23
"90041","1921+S+Maple+Ave.+Los+Angeles+CA+90011",1402,114,25
"90041","725+S.+Indiana+St.+Los+Angeles+CA+90023",1302,114,26
"90041","152+N.+Vermont+Ave.+Los+Angeles+CA+90004",1214,114,27
"90041","144+E+118th+St+Los+Angeles+CA+90061",2001,114,28
"90041","1940+E+111TH+St.+LOS+ANGELES+CA+90059",2081,114,29
"90041","322+LUCAS+AVELOS+ANGELES+CA+90017",1028,114,30
"90041","322+LUCAS+AVELOS+ANGELES+CA+90017",1028,114,31
"90041","322+LUCAS+AVELOS+ANGELES+CA+90017",1028,114,32
"90041","322+LUCAS+AVELOS+ANGELES+CA+90017",1028,114,33
"91733","147+E.+107th+Street+Los+Angeles+CA+90003",2010,33,1
"91733","10915+S.+Mc+Kinley+Ave.+Los+Angeles+CA+90059",1893,33,2
"91733","405+E+122nd+St+Los+Angeles+Ca+90061",1882,33,3
"91733","330+E.+93rd+St+Los+Angeles+CA+90003",2087,33,4
"91733","1575+W+2nd.+ST+Los+Angeles+CA+90026",1784,33,5
"91733","1575+W+2nd.+ST+Los+Angeles+CA+90026",1784,33,24
"91733","4410+McKinley+Ave+Los+Angeles+CA+90011",1730,33,6
"91733","3500+S.+Hill+St.+Los+Angeles+CA+90007",1675,33,8
"91733","1515+E.+104th+St.+Los+Angeles+CA+90002",1847,33,9
"91733","234+E+112TH+ST+LOS+ANGELES+CA+90061",1921,33,10
"91733","2510+E.+Sixth+St.+Los+Angeles+CA+90023",988,33,11
"91733","1319+E+41st+St.+Los+Angeles+Ca+90011",1530,33,12
"91733","1319+E+41st+St.+Los+Angeles+Ca+90011",1530,33,19
"91733","650+S.+Union+Ave.+Los+Angeles+CA+90017",1944,33,13
"91733","2265+E.+103rd+St+Los+Angeles+CA+90002",1819,33,14
"91733","325+E+111th+St+Los+Angeles+CA+90061",1906,33,15
"91733","4131+S+Vermont+Ave+Los+Angeles+Ca+90037",1845,33,16
"91733","1650+E.+104th+St.+Los+Angeles+CA+90002",1813,33,17
"91733","1200+Plaza+del+Sol+Los+Angeles+CA+90033",1207,33,18
"91733","4505+S.+Raymond+Ave.+Los+Angeles+CA+90037",2019,33,20
"91733","3201+W.+8th+St.+Los+Angeles+CA+90010",2045,33,21
"91733","1700+W+46TH+ST+Los+Angeles+CA+90062",2190,33,22
"91733","456+S+Mathews+St+Los+Angeles+CA+90033",995,33,23
"91733","1921+S+Maple+Ave.+Los+Angeles+CA+90011",1427,33,25
"91733","725+S.+Indiana+St.+Los+Angeles+CA+90023",824,33,26
"91733","152+N.+Vermont+Ave.+Los+Angeles+CA+90004",2096,33,27
"91733","144+E+118th+St+Los+Angeles+CA+90061",2015,33,28
"91733","1940+E+111TH+St.+LOS+ANGELES+CA+90059",1699,33,29
"91733","322+LUCAS+AVELOS+ANGELES+CA+90017",1788,33,30
"91733","322+LUCAS+AVELOS+ANGELES+CA+90017",1788,33,31
"91733","322+LUCAS+AVELOS+ANGELES+CA+90017",1788,33,32
"91733","322+LUCAS+AVELOS+ANGELES+CA+90017",1788,33,33
"90017","147+E.+107th+Street+Los+Angeles+CA+90003",963,162,1
"90017","10915+S.+Mc+Kinley+Ave.+Los+Angeles+CA+90059",1115,162,2
"90017","405+E+122nd+St+Los+Angeles+Ca+90061",1200,162,3
"90017","330+E.+93rd+St+Los+Angeles+CA+90003",1054,162,4
"90017","1575+W+2nd.+ST+Los+Angeles+CA+90026",214,162,5
"90017","1575+W+2nd.+ST+Los+Angeles+CA+90026",214,162,24
"90017","4410+McKinley+Ave+Los+Angeles+CA+90011",803,162,6
"90017","3500+S.+Hill+St.+Los+Angeles+CA+90007",588,162,8
"90017","1515+E.+104th+St.+Los+Angeles+CA+90002",1244,162,9
"90017","234+E+112TH+ST+LOS+ANGELES+CA+90061",1015,162,10
"90017","2510+E.+Sixth+St.+Los+Angeles+CA+90023",868,162,11
"90017","1319+E+41st+St.+Los+Angeles+Ca+90011",882,162,12
"90017","1319+E+41st+St.+Los+Angeles+Ca+90011",882,162,19
"90017","650+S.+Union+Ave.+Los+Angeles+CA+90017",64,162,13
"90017","2265+E.+103rd+St+Los+Angeles+CA+90002",1336,162,14
"90017","325+E+111th+St+Los+Angeles+CA+90061",1061,162,15
"90017","4131+S+Vermont+Ave+Los+Angeles+Ca+90037",633,162,16
"90017","1650+E.+104th+St.+Los+Angeles+CA+90002",1212,162,17
"90017","1200+Plaza+del+Sol+Los+Angeles+CA+90033",618,162,18
"90017","4505+S.+Raymond+Ave.+Los+Angeles+CA+90037",794,162,20
"90017","3201+W.+8th+St.+Los+Angeles+CA+90010",541,162,21
"90017","1700+W+46TH+ST+Los+Angeles+CA+90062",954,162,22
"90017","456+S+Mathews+St+Los+Angeles+CA+90033",816,162,23
"90017","1921+S+Maple+Ave.+Los+Angeles+CA+90011",516,162,25
"90017","725+S.+Indiana+St.+Los+Angeles+CA+90023",955,162,26
"90017","152+N.+Vermont+Ave.+Los+Angeles+CA+90004",631,162,27
"90017","144+E+118th+St+Los+Angeles+CA+90061",1089,162,28
"90017","1940+E+111TH+St.+LOS+ANGELES+CA+90059",1145,162,29
"90017","322+LUCAS+AVELOS+ANGELES+CA+90017",185,162,30
"90017","322+LUCAS+AVELOS+ANGELES+CA+90017",185,162,31
"90017","322+LUCAS+AVELOS+ANGELES+CA+90017",185,162,32
"90017","322+LUCAS+AVELOS+ANGELES+CA+90017",185,162,33
"90002","147+E.+107th+Street+Los+Angeles+CA+90003",471,115,1
"90002","10915+S.+Mc+Kinley+Ave.+Los+Angeles+CA+90059",370,115,2
"90002","405+E+122nd+St+Los+Angeles+Ca+90061",591,115,3
"90002","330+E.+93rd+St+Los+Angeles+CA+90003",338,115,4
"90002","1575+W+2nd.+ST+Los+Angeles+CA+90026",2034,115,5
"90002","1575+W+2nd.+ST+Los+Angeles+CA+90026",2034,115,24
"90002","4410+McKinley+Ave+Los+Angeles+CA+90011",882,115,6
"90002","3500+S.+Hill+St.+Los+Angeles+CA+90007",1157,115,8
"90002","1515+E.+104th+St.+Los+Angeles+CA+90002",256,115,9
"90002","234+E+112TH+ST+LOS+ANGELES+CA+90061",512,115,10
"90002","2510+E.+Sixth+St.+Los+Angeles+CA+90023",1654,115,11
"90002","1319+E+41st+St.+Los+Angeles+Ca+90011",959,115,12
"90002","1319+E+41st+St.+Los+Angeles+Ca+90011",959,115,19
"90002","650+S.+Union+Ave.+Los+Angeles+CA+90017",1787,115,13
"90002","2265+E.+103rd+St+Los+Angeles+CA+90002",420,115,14
"90002","325+E+111th+St+Los+Angeles+CA+90061",455,115,15
"90002","4131+S+Vermont+Ave+Los+Angeles+Ca+90037",1234,115,16
"90002","1650+E.+104th+St.+Los+Angeles+CA+90002",238,115,17
"90002","1200+Plaza+del+Sol+Los+Angeles+CA+90033",1853,115,18
"90002","4505+S.+Raymond+Ave.+Los+Angeles+CA+90037",1274,115,20
"90002","3201+W.+8th+St.+Los+Angeles+CA+90010",1942,115,21
"90002","1700+W+46TH+ST+Los+Angeles+CA+90062",1347,115,22
"90002","456+S+Mathews+St+Los+Angeles+CA+90033",1657,115,23
"90002","1921+S+Maple+Ave.+Los+Angeles+CA+90011",1354,115,25
"90002","725+S.+Indiana+St.+Los+Angeles+CA+90023",1657,115,26
"90002","152+N.+Vermont+Ave.+Los+Angeles+CA+90004",2328,115,27
"90002","144+E+118th+St+Los+Angeles+CA+90061",581,115,28
"90002","1940+E+111TH+St.+LOS+ANGELES+CA+90059",461,115,29
"90002","322+LUCAS+AVELOS+ANGELES+CA+90017",1957,115,30
"90002","322+LUCAS+AVELOS+ANGELES+CA+90017",1957,115,31
"90002","322+LUCAS+AVELOS+ANGELES+CA+90017",1957,115,32
"90002","322+LUCAS+AVELOS+ANGELES+CA+90017",1957,115,33
"90660","147+E.+107th+Street+Los+Angeles+CA+90003",1732,34,1
"90660","10915+S.+Mc+Kinley+Ave.+Los+Angeles+CA+90059",1655,34,2
"90660","405+E+122nd+St+Los+Angeles+Ca+90061",1644,34,3
"90660","330+E.+93rd+St+Los+Angeles+CA+90003",1827,34,4
"90660","1575+W+2nd.+ST+Los+Angeles+CA+90026",2032,34,5
"90660","1575+W+2nd.+ST+Los+Angeles+CA+90026",2032,34,24
"90660","4410+McKinley+Ave+Los+Angeles+CA+90011",1926,34,6
"90660","3500+S.+Hill+St.+Los+Angeles+CA+90007",1876,34,8
"90660","1515+E.+104th+St.+Los+Angeles+CA+90002",1606,34,9
"90660","234+E+112TH+ST+LOS+ANGELES+CA+90061",1655,34,10
"90660","2510+E.+Sixth+St.+Los+Angeles+CA+90023",1258,34,11
"90660","1319+E+41st+St.+Los+Angeles+Ca+90011",1719,34,12
"90660","1319+E+41st+St.+Los+Angeles+Ca+90011",1719,34,19
"90660","650+S.+Union+Ave.+Los+Angeles+CA+90017",2101,34,13
"90660","2265+E.+103rd+St+Los+Angeles+CA+90002",1633,34,14
"90660","325+E+111th+St+Los+Angeles+CA+90061",1641,34,15
"90660","4131+S+Vermont+Ave+Los+Angeles+Ca+90037",2080,34,16
"90660","1650+E.+104th+St.+Los+Angeles+CA+90002",1574,34,17
"90660","1200+Plaza+del+Sol+Los+Angeles+CA+90033",1385,34,18
"90660","4505+S.+Raymond+Ave.+Los+Angeles+CA+90037",2219,34,20
"90660","3201+W.+8th+St.+Los+Angeles+CA+90010",2206,34,21
"90660","1700+W+46TH+ST+Los+Angeles+CA+90062",2346,34,22
"90660","456+S+Mathews+St+Los+Angeles+CA+90033",1246,34,23
"90660","1921+S+Maple+Ave.+Los+Angeles+CA+90011",1627,34,25
"90660","725+S.+Indiana+St.+Los+Angeles+CA+90023",983,34,26
"90660","152+N.+Vermont+Ave.+Los+Angeles+CA+90004",2226,34,27
"90660","144+E+118th+St+Los+Angeles+CA+90061",1745,34,28
"90660","1940+E+111TH+St.+LOS+ANGELES+CA+90059",1429,34,29
"90660","322+LUCAS+AVELOS+ANGELES+CA+90017",1852,34,30
"90660","322+LUCAS+AVELOS+ANGELES+CA+90017",1852,34,31
"90660","322+LUCAS+AVELOS+ANGELES+CA+90017",1852,34,32
"90660","322+LUCAS+AVELOS+ANGELES+CA+90017",1852,34,33
"90063","147+E.+107th+Street+Los+Angeles+CA+90003",1639,163,1
"90063","10915+S.+Mc+Kinley+Ave.+Los+Angeles+CA+90059",1542,163,2
"90063","405+E+122nd+St+Los+Angeles+Ca+90061",1510,163,3
"90063","330+E.+93rd+St+Los+Angeles+CA+90003",1743,163,4
"90063","1575+W+2nd.+ST+Los+Angeles+CA+90026",1468,163,5
"90063","1575+W+2nd.+ST+Los+Angeles+CA+90026",1468,163,24
"90063","4410+McKinley+Ave+Los+Angeles+CA+90011",1337,163,6
"90063","3500+S.+Hill+St.+Los+Angeles+CA+90007",1299,163,8
"90063","1515+E.+104th+St.+Los+Angeles+CA+90002",1478,163,9
"90063","234+E+112TH+ST+LOS+ANGELES+CA+90061",1553,163,10
"90063","2510+E.+Sixth+St.+Los+Angeles+CA+90023",469,163,11
"90063","1319+E+41st+St.+Los+Angeles+Ca+90011",1155,163,12
"90063","1319+E+41st+St.+Los+Angeles+Ca+90011",1155,163,19
"90063","650+S.+Union+Ave.+Los+Angeles+CA+90017",1385,163,13
"90063","2265+E.+103rd+St+Los+Angeles+CA+90002",1480,163,14
"90063","325+E+111th+St+Los+Angeles+CA+90061",1563,163,15
"90063","4131+S+Vermont+Ave+Los+Angeles+Ca+90037",1472,163,16
"90063","1650+E.+104th+St.+Los+Angeles+CA+90002",1461,163,17
"90063","1200+Plaza+del+Sol+Los+Angeles+CA+90033",667,163,18
"90063","4505+S.+Raymond+Ave.+Los+Angeles+CA+90037",1639,163,20
"90063","3201+W.+8th+St.+Los+Angeles+CA+90010",1645,163,21
"90063","1700+W+46TH+ST+Los+Angeles+CA+90062",1774,163,22
"90063","456+S+Mathews+St+Los+Angeles+CA+90033",448,163,23
"90063","1921+S+Maple+Ave.+Los+Angeles+CA+90011",1056,163,25
"90063","725+S.+Indiana+St.+Los+Angeles+CA+90023",401,163,26
"90063","152+N.+Vermont+Ave.+Los+Angeles+CA+90004",1518,163,27
"90063","144+E+118th+St+Los+Angeles+CA+90061",1644,163,28
"90063","1940+E+111TH+St.+LOS+ANGELES+CA+90059",1356,163,29
"90063","322+LUCAS+AVELOS+ANGELES+CA+90017",1367,163,30
"90063","322+LUCAS+AVELOS+ANGELES+CA+90017",1367,163,31
"90063","322+LUCAS+AVELOS+ANGELES+CA+90017",1367,163,32
"90063","322+LUCAS+AVELOS+ANGELES+CA+90017",1367,163,33
"91706","147+E.+107th+Street+Los+Angeles+CA+90003",2399,37,1
"91706","10915+S.+Mc+Kinley+Ave.+Los+Angeles+CA+90059",2326,37,2
"91706","405+E+122nd+St+Los+Angeles+Ca+90061",2318,37,3
"91706","330+E.+93rd+St+Los+Angeles+CA+90003",2481,37,4
"91706","1575+W+2nd.+ST+Los+Angeles+CA+90026",2081,37,5
"91706","1575+W+2nd.+ST+Los+Angeles+CA+90026",2081,37,24
"91706","4410+McKinley+Ave+Los+Angeles+CA+90011",2019,37,6
"91706","3500+S.+Hill+St.+Los+Angeles+CA+90007",1916,37,8
"91706","1515+E.+104th+St.+Los+Angeles+CA+90002",2286,37,9
"91706","234+E+112TH+ST+LOS+ANGELES+CA+90061",2348,37,10
"91706","2510+E.+Sixth+St.+Los+Angeles+CA+90023",1304,37,11
"91706","1319+E+41st+St.+Los+Angeles+Ca+90011",1825,37,12
"91706","1319+E+41st+St.+Los+Angeles+Ca+90011",1825,37,19
"91706","650+S.+Union+Ave.+Los+Angeles+CA+90017",2045,37,13
"91706","2265+E.+103rd+St+Los+Angeles+CA+90002",2160,37,14
"91706","325+E+111th+St+Los+Angeles+CA+90061",2343,37,15
"91706","4131+S+Vermont+Ave+Los+Angeles+Ca+90037",2115,37,16
"91706","1650+E.+104th+St.+Los+Angeles+CA+90002",2116,37,17
"91706","1200+Plaza+del+Sol+Los+Angeles+CA+90033",1365,37,18
"91706","4505+S.+Raymond+Ave.+Los+Angeles+CA+90037",2300,37,20
"91706","3201+W.+8th+St.+Los+Angeles+CA+90010",2337,37,21
"91706","1700+W+46TH+ST+Los+Angeles+CA+90062",2487,37,22
"91706","456+S+Mathews+St+Los+Angeles+CA+90033",1299,37,23
"91706","1921+S+Maple+Ave.+Los+Angeles+CA+90011",1694,37,25
"91706","725+S.+Indiana+St.+Los+Angeles+CA+90023",1143,37,26
"91706","152+N.+Vermont+Ave.+Los+Angeles+CA+90004",2171,37,27
"91706","144+E+118th+St+Los+Angeles+CA+90061",2400,37,28
"91706","1940+E+111TH+St.+LOS+ANGELES+CA+90059",2129,37,29
"91706","322+LUCAS+AVELOS+ANGELES+CA+90017",2011,37,30
"91706","322+LUCAS+AVELOS+ANGELES+CA+90017",2011,37,31
"91706","322+LUCAS+AVELOS+ANGELES+CA+90017",2011,37,32
"91706","322+LUCAS+AVELOS+ANGELES+CA+90017",2011,37,33
"90062","147+E.+107th+Street+Los+Angeles+CA+90003",907,38,1
"90062","10915+S.+Mc+Kinley+Ave.+Los+Angeles+CA+90059",1069,38,2
"90062","405+E+122nd+St+Los+Angeles+Ca+90061",1097,38,3
"90062","330+E.+93rd+St+Los+Angeles+CA+90003",986,38,4
"90062","1575+W+2nd.+ST+Los+Angeles+CA+90026",1471,38,5
"90062","1575+W+2nd.+ST+Los+Angeles+CA+90026",1471,38,24
"90062","4410+McKinley+Ave+Los+Angeles+CA+90011",633,38,6
"90062","3500+S.+Hill+St.+Los+Angeles+CA+90007",602,38,8
"90062","1515+E.+104th+St.+Los+Angeles+CA+90002",1169,38,9
"90062","234+E+112TH+ST+LOS+ANGELES+CA+90061",917,38,10
"90062","2510+E.+Sixth+St.+Los+Angeles+CA+90023",1411,38,11
"90062","1319+E+41st+St.+Los+Angeles+Ca+90011",812,38,12
"90062","1319+E+41st+St.+Los+Angeles+Ca+90011",812,38,19
"90062","650+S.+Union+Ave.+Los+Angeles+CA+90017",1237,38,13
"90062","2265+E.+103rd+St+Los+Angeles+CA+90002",1291,38,14
"90062","325+E+111th+St+Los+Angeles+CA+90061",988,38,15
"90062","4131+S+Vermont+Ave+Los+Angeles+Ca+90037",297,38,16
"90062","1650+E.+104th+St.+Los+Angeles+CA+90002",1150,38,17
"90062","1200+Plaza+del+Sol+Los+Angeles+CA+90033",1557,38,18
"90062","4505+S.+Raymond+Ave.+Los+Angeles+CA+90037",156,38,20
"90062","3201+W.+8th+St.+Los+Angeles+CA+90010",1102,38,21
"90062","1700+W+46TH+ST+Los+Angeles+CA+90062",57,38,22
"90062","456+S+Mathews+St+Los+Angeles+CA+90033",1384,38,23
"90062","1921+S+Maple+Ave.+Los+Angeles+CA+90011",901,38,25
"90062","725+S.+Indiana+St.+Los+Angeles+CA+90023",1500,38,26
"90062","152+N.+Vermont+Ave.+Los+Angeles+CA+90004",1462,38,27
"90062","144+E+118th+St+Los+Angeles+CA+90061",1006,38,28
"90062","1940+E+111TH+St.+LOS+ANGELES+CA+90059",1102,38,29
"90062","322+LUCAS+AVELOS+ANGELES+CA+90017",1418,38,30
"90062","322+LUCAS+AVELOS+ANGELES+CA+90017",1418,38,31
"90062","322+LUCAS+AVELOS+ANGELES+CA+90017",1418,38,32
"90062","322+LUCAS+AVELOS+ANGELES+CA+90017",1418,38,33
"90015","147+E.+107th+Street+Los+Angeles+CA+90003",959,39,1
"90015","10915+S.+Mc+Kinley+Ave.+Los+Angeles+CA+90059",1122,39,2
"90015","405+E+122nd+St+Los+Angeles+Ca+90061",1158,39,3
"90015","330+E.+93rd+St+Los+Angeles+CA+90003",1033,39,4
"90015","1575+W+2nd.+ST+Los+Angeles+CA+90026",740,39,5
"90015","1575+W+2nd.+ST+Los+Angeles+CA+90026",740,39,24
"90015","4410+McKinley+Ave+Los+Angeles+CA+90011",780,39,6
"90015","3500+S.+Hill+St.+Los+Angeles+CA+90007",417,39,8
"90015","1515+E.+104th+St.+Los+Angeles+CA+90002",1233,39,9
"90015","234+E+112TH+ST+LOS+ANGELES+CA+90061",978,39,10
"90015","2510+E.+Sixth+St.+Los+Angeles+CA+90023",603,39,11
"90015","1319+E+41st+St.+Los+Angeles+Ca+90011",603,39,12
"90015","1319+E+41st+St.+Los+Angeles+Ca+90011",603,39,19
"90015","650+S.+Union+Ave.+Los+Angeles+CA+90017",512,39,13
"90015","2265+E.+103rd+St+Los+Angeles+CA+90002",1358,39,14
"90015","325+E+111th+St+Los+Angeles+CA+90061",1054,39,15
"90015","4131+S+Vermont+Ave+Los+Angeles+Ca+90037",605,39,16
"90015","1650+E.+104th+St.+Los+Angeles+CA+90002",1211,39,17
"90015","1200+Plaza+del+Sol+Los+Angeles+CA+90033",791,39,18
"90015","4505+S.+Raymond+Ave.+Los+Angeles+CA+90037",773,39,20
"90015","3201+W.+8th+St.+Los+Angeles+CA+90010",750,39,21
"90015","1700+W+46TH+ST+Los+Angeles+CA+90062",917,39,22
"90015","456+S+Mathews+St+Los+Angeles+CA+90033",636,39,23
"90015","1921+S+Maple+Ave.+Los+Angeles+CA+90011",267,39,25
"90015","725+S.+Indiana+St.+Los+Angeles+CA+90023",706,39,26
"90015","152+N.+Vermont+Ave.+Los+Angeles+CA+90004",1006,39,27
"90015","144+E+118th+St+Los+Angeles+CA+90061",1076,39,28
"90015","1940+E+111TH+St.+LOS+ANGELES+CA+90059",1163,39,29
"90015","322+LUCAS+AVELOS+ANGELES+CA+90017",631,39,30
"90015","322+LUCAS+AVELOS+ANGELES+CA+90017",631,39,31
"90015","322+LUCAS+AVELOS+ANGELES+CA+90017",631,39,32
"90015","322+LUCAS+AVELOS+ANGELES+CA+90017",631,39,33
"90650","147+E.+107th+Street+Los+Angeles+CA+90003",1489,3,1
"90650","10915+S.+Mc+Kinley+Ave.+Los+Angeles+CA+90059",1365,3,2
"90650","405+E+122nd+St+Los+Angeles+Ca+90061",1359,3,3
"90650","330+E.+93rd+St+Los+Angeles+CA+90003",1571,3,4
"90650","1575+W+2nd.+ST+Los+Angeles+CA+90026",2243,3,5
"90650","1575+W+2nd.+ST+Los+Angeles+CA+90026",2243,3,24
"90650","4410+McKinley+Ave+Los+Angeles+CA+90011",1949,3,6
"90650","3500+S.+Hill+St.+Los+Angeles+CA+90007",1882,3,8
"90650","1515+E.+104th+St.+Los+Angeles+CA+90002",1339,3,9
"90650","234+E+112TH+ST+LOS+ANGELES+CA+90061",1405,3,10
"90650","2510+E.+Sixth+St.+Los+Angeles+CA+90023",1523,3,11
"90650","1319+E+41st+St.+Los+Angeles+Ca+90011",1959,3,12
"90650","1319+E+41st+St.+Los+Angeles+Ca+90011",1959,3,19
"90650","650+S.+Union+Ave.+Los+Angeles+CA+90017",2329,3,13
"90650","2265+E.+103rd+St+Los+Angeles+CA+90002",1389,3,14
"90650","325+E+111th+St+Los+Angeles+CA+90061",1390,3,15
"90650","4131+S+Vermont+Ave+Los+Angeles+Ca+90037",1953,3,16
"90650","1650+E.+104th+St.+Los+Angeles+CA+90002",1293,3,17
"90650","1200+Plaza+del+Sol+Los+Angeles+CA+90033",1614,3,18
"90650","4505+S.+Raymond+Ave.+Los+Angeles+CA+90037",2013,3,20
"90650","3201+W.+8th+St.+Los+Angeles+CA+90010",2458,3,21
"90650","1700+W+46TH+ST+Los+Angeles+CA+90062",2144,3,22
"90650","456+S+Mathews+St+Los+Angeles+CA+90033",1529,3,23
"90650","1921+S+Maple+Ave.+Los+Angeles+CA+90011",1893,3,25
"90650","725+S.+Indiana+St.+Los+Angeles+CA+90023",1264,3,26
"90650","152+N.+Vermont+Ave.+Los+Angeles+CA+90004",2492,3,27
"90650","144+E+118th+St+Los+Angeles+CA+90061",1476,3,28
"90650","1940+E+111TH+St.+LOS+ANGELES+CA+90059",1188,3,29
"90650","322+LUCAS+AVELOS+ANGELES+CA+90017",2100,3,30
"90650","322+LUCAS+AVELOS+ANGELES+CA+90017",2100,3,31
"90650","322+LUCAS+AVELOS+ANGELES+CA+90017",2100,3,32
"90650","322+LUCAS+AVELOS+ANGELES+CA+90017",2100,3,33
"90057","147+E.+107th+Street+Los+Angeles+CA+90003",1290,165,1
"90057","10915+S.+Mc+Kinley+Ave.+Los+Angeles+CA+90059",1461,165,2
"90057","405+E+122nd+St+Los+Angeles+Ca+90061",1479,165,3
"90057","330+E.+93rd+St+Los+Angeles+CA+90003",1385,165,4
"90057","1575+W+2nd.+ST+Los+Angeles+CA+90026",325,165,5
"90057","1575+W+2nd.+ST+Los+Angeles+CA+90026",325,165,24
"90057","4410+McKinley+Ave+Los+Angeles+CA+90011",1074,165,6
"90057","3500+S.+Hill+St.+Los+Angeles+CA+90007",883,165,8
"90057","1515+E.+104th+St.+Los+Angeles+CA+90002",1569,165,9
"90057","234+E+112TH+ST+LOS+ANGELES+CA+90061",1301,165,10
"90057","2510+E.+Sixth+St.+Los+Angeles+CA+90023",1048,165,11
"90057","1319+E+41st+St.+Los+Angeles+Ca+90011",1194,165,12
"90057","1319+E+41st+St.+Los+Angeles+Ca+90011",1194,165,19
"90057","650+S.+Union+Ave.+Los+Angeles+CA+90017",308,165,13
"90057","2265+E.+103rd+St+Los+Angeles+CA+90002",1703,165,14
"90057","325+E+111th+St+Los+Angeles+CA+90061",1378,165,15
"90057","4131+S+Vermont+Ave+Los+Angeles+Ca+90037",937,165,16
"90057","1650+E.+104th+St.+Los+Angeles+CA+90002",1554,165,17
"90057","1200+Plaza+del+Sol+Los+Angeles+CA+90033",794,165,18
"90057","4505+S.+Raymond+Ave.+Los+Angeles+CA+90037",1083,165,20
"90057","3201+W.+8th+St.+Los+Angeles+CA+90010",409,165,21
"90057","1700+W+46TH+ST+Los+Angeles+CA+90062",1245,165,22
"90057","456+S+Mathews+St+Los+Angeles+CA+90033",1029,165,23
"90057","1921+S+Maple+Ave.+Los+Angeles+CA+90011",825,165,25
"90057","725+S.+Indiana+St.+Los+Angeles+CA+90023",1192,165,26
"90057","152+N.+Vermont+Ave.+Los+Angeles+CA+90004",445,165,27
"90057","144+E+118th+St+Los+Angeles+CA+90061",1414,165,28
"90057","1940+E+111TH+St.+LOS+ANGELES+CA+90059",1499,165,29
"90057","322+LUCAS+AVELOS+ANGELES+CA+90017",362,165,30
"90057","322+LUCAS+AVELOS+ANGELES+CA+90017",362,165,31
"90057","322+LUCAS+AVELOS+ANGELES+CA+90017",362,165,32
"90057","322+LUCAS+AVELOS+ANGELES+CA+90017",362,165,33
"92705","147+E.+107th+Street+Los+Angeles+CA+90003",2803,47,1
"92705","10915+S.+Mc+Kinley+Ave.+Los+Angeles+CA+90059",2769,47,2
"92705","405+E+122nd+St+Los+Angeles+Ca+90061",2759,47,3
"92705","330+E.+93rd+St+Los+Angeles+CA+90003",2933,47,4
"92705","1575+W+2nd.+ST+Los+Angeles+CA+90026",3630,47,5
"92705","1575+W+2nd.+ST+Los+Angeles+CA+90026",3630,47,24
"92705","4410+McKinley+Ave+Los+Angeles+CA+90011",3257,47,6
"92705","3500+S.+Hill+St.+Los+Angeles+CA+90007",3167,47,8
"92705","1515+E.+104th+St.+Los+Angeles+CA+90002",2693,47,9
"92705","234+E+112TH+ST+LOS+ANGELES+CA+90061",2668,47,10
"92705","2510+E.+Sixth+St.+Los+Angeles+CA+90023",2883,47,11
"92705","1319+E+41st+St.+Los+Angeles+Ca+90011",3208,47,12
"92705","1319+E+41st+St.+Los+Angeles+Ca+90011",3208,47,19
"92705","650+S.+Union+Ave.+Los+Angeles+CA+90017",3480,47,13
"92705","2265+E.+103rd+St+Los+Angeles+CA+90002",2749,47,14
"92705","325+E+111th+St+Los+Angeles+CA+90061",2750,47,15
"92705","4131+S+Vermont+Ave+Los+Angeles+Ca+90037",3271,47,16
"92705","1650+E.+104th+St.+Los+Angeles+CA+90002",2692,47,17
"92705","1200+Plaza+del+Sol+Los+Angeles+CA+90033",3062,47,18
"92705","4505+S.+Raymond+Ave.+Los+Angeles+CA+90037",3299,47,20
"92705","3201+W.+8th+St.+Los+Angeles+CA+90010",3614,47,21
"92705","1700+W+46TH+ST+Los+Angeles+CA+90062",3429,47,22
"92705","456+S+Mathews+St+Los+Angeles+CA+90033",2893,47,23
"92705","1921+S+Maple+Ave.+Los+Angeles+CA+90011",3111,47,25
"92705","725+S.+Indiana+St.+Los+Angeles+CA+90023",2619,47,26
"92705","152+N.+Vermont+Ave.+Los+Angeles+CA+90004",3714,47,27
"92705","144+E+118th+St+Los+Angeles+CA+90061",2768,47,28
"92705","1940+E+111TH+St.+LOS+ANGELES+CA+90059",2577,47,29
"92705","322+LUCAS+AVELOS+ANGELES+CA+90017",3523,47,30
"92705","322+LUCAS+AVELOS+ANGELES+CA+90017",3523,47,31
"92705","322+LUCAS+AVELOS+ANGELES+CA+90017",3523,47,32
"92705","322+LUCAS+AVELOS+ANGELES+CA+90017",3523,47,33
"90001","147+E.+107th+Street+Los+Angeles+CA+90003",778,4,1
"90001","10915+S.+Mc+Kinley+Ave.+Los+Angeles+CA+90059",656,4,2
"90001","405+E+122nd+St+Los+Angeles+Ca+90061",855,4,3
"90001","330+E.+93rd+St+Los+Angeles+CA+90003",537,4,4
"90001","1575+W+2nd.+ST+Los+Angeles+CA+90026",1723,4,5
"90001","1575+W+2nd.+ST+Los+Angeles+CA+90026",1723,4,24
"90001","4410+McKinley+Ave+Los+Angeles+CA+90011",701,4,6
"90001","3500+S.+Hill+St.+Los+Angeles+CA+90007",1015,4,8
"90001","1515+E.+104th+St.+Los+Angeles+CA+90002",473,4,9
"90001","234+E+112TH+ST+LOS+ANGELES+CA+90061",818,4,10
"90001","2510+E.+Sixth+St.+Los+Angeles+CA+90023",1328,4,11
"90001","1319+E+41st+St.+Los+Angeles+Ca+90011",640,4,12
"90001","1319+E+41st+St.+Los+Angeles+Ca+90011",640,4,19
"90001","650+S.+Union+Ave.+Los+Angeles+CA+90017",1684,4,13
"90001","2265+E.+103rd+St+Los+Angeles+CA+90002",617,4,14
"90001","325+E+111th+St+Los+Angeles+CA+90061",764,4,15
"90001","4131+S+Vermont+Ave+Los+Angeles+Ca+90037",1145,4,16
"90001","1650+E.+104th+St.+Los+Angeles+CA+90002",457,4,17
"90001","1200+Plaza+del+Sol+Los+Angeles+CA+90033",1574,4,18
"90001","4505+S.+Raymond+Ave.+Los+Angeles+CA+90037",1140,4,20
"90001","3201+W.+8th+St.+Los+Angeles+CA+90010",1851,4,21
"90001","1700+W+46TH+ST+Los+Angeles+CA+90062",1256,4,22
"90001","456+S+Mathews+St+Los+Angeles+CA+90033",1374,4,23
"90001","1921+S+Maple+Ave.+Los+Angeles+CA+90011",1081,4,25
"90001","725+S.+Indiana+St.+Los+Angeles+CA+90023",1421,4,26
"90001","152+N.+Vermont+Ave.+Los+Angeles+CA+90004",2088,4,27
"90001","144+E+118th+St+Los+Angeles+CA+90061",876,4,28
"90001","1940+E+111TH+St.+LOS+ANGELES+CA+90059",633,4,29
"90001","322+LUCAS+AVELOS+ANGELES+CA+90017",1724,4,30
"90001","322+LUCAS+AVELOS+ANGELES+CA+90017",1724,4,31
"90001","322+LUCAS+AVELOS+ANGELES+CA+90017",1724,4,32
"90001","322+LUCAS+AVELOS+ANGELES+CA+90017",1724,4,33
"91732","147+E.+107th+Street+Los+Angeles+CA+90003",2444,49,1
"91732","10915+S.+Mc+Kinley+Ave.+Los+Angeles+CA+90059",2287,49,2
"91732","405+E+122nd+St+Los+Angeles+Ca+90061",2325,49,3
"91732","330+E.+93rd+St+Los+Angeles+CA+90003",2491,49,4
"91732","1575+W+2nd.+ST+Los+Angeles+CA+90026",2038,49,5
"91732","1575+W+2nd.+ST+Los+Angeles+CA+90026",2038,49,24
"91732","4410+McKinley+Ave+Los+Angeles+CA+90011",2003,49,6
"91732","3500+S.+Hill+St.+Los+Angeles+CA+90007",1885,49,8
"91732","1515+E.+104th+St.+Los+Angeles+CA+90002",2281,49,9
"91732","234+E+112TH+ST+LOS+ANGELES+CA+90061",2369,49,10
"91732","2510+E.+Sixth+St.+Los+Angeles+CA+90023",1327,49,11
"91732","1319+E+41st+St.+Los+Angeles+Ca+90011",1800,49,12
"91732","1319+E+41st+St.+Los+Angeles+Ca+90011",1800,49,19
"91732","650+S.+Union+Ave.+Los+Angeles+CA+90017",1963,49,13
"91732","2265+E.+103rd+St+Los+Angeles+CA+90002",2159,49,14
"91732","325+E+111th+St+Los+Angeles+CA+90061",2354,49,15
"91732","4131+S+Vermont+Ave+Los+Angeles+Ca+90037",2143,49,16
"91732","1650+E.+104th+St.+Los+Angeles+CA+90002",2155,49,17
"91732","1200+Plaza+del+Sol+Los+Angeles+CA+90033",1334,49,18
"91732","4505+S.+Raymond+Ave.+Los+Angeles+CA+90037",2313,49,20
"91732","3201+W.+8th+St.+Los+Angeles+CA+90010",2280,49,21
"91732","1700+W+46TH+ST+Los+Angeles+CA+90062",2412,49,22
"91732","456+S+Mathews+St+Los+Angeles+CA+90033",1353,49,23
"91732","1921+S+Maple+Ave.+Los+Angeles+CA+90011",1719,49,25
"91732","725+S.+Indiana+St.+Los+Angeles+CA+90023",1146,49,26
"91732","152+N.+Vermont+Ave.+Los+Angeles+CA+90004",2117,49,27
"91732","144+E+118th+St+Los+Angeles+CA+90061",2338,49,28
"91732","1940+E+111TH+St.+LOS+ANGELES+CA+90059",2109,49,29
"91732","322+LUCAS+AVELOS+ANGELES+CA+90017",1935,49,30
"91732","322+LUCAS+AVELOS+ANGELES+CA+90017",1935,49,31
"91732","322+LUCAS+AVELOS+ANGELES+CA+90017",1935,49,32
"91732","322+LUCAS+AVELOS+ANGELES+CA+90017",1935,49,33
"91791","147+E.+107th+Street+Los+Angeles+CA+90003",2813,50,1
"91791","10915+S.+Mc+Kinley+Ave.+Los+Angeles+CA+90059",2690,50,2
"91791","405+E+122nd+St+Los+Angeles+Ca+90061",2578,50,3
"91791","330+E.+93rd+St+Los+Angeles+CA+90003",2891,50,4
"91791","1575+W+2nd.+ST+Los+Angeles+CA+90026",2347,50,5
"91791","1575+W+2nd.+ST+Los+Angeles+CA+90026",2347,50,24
"91791","4410+McKinley+Ave+Los+Angeles+CA+90011",2371,50,6
"91791","3500+S.+Hill+St.+Los+Angeles+CA+90007",2215,50,8
"91791","1515+E.+104th+St.+Los+Angeles+CA+90002",2611,50,9
"91791","234+E+112TH+ST+LOS+ANGELES+CA+90061",2691,50,10
"91791","2510+E.+Sixth+St.+Los+Angeles+CA+90023",1747,50,11
"91791","1319+E+41st+St.+Los+Angeles+Ca+90011",2178,50,12
"91791","1319+E+41st+St.+Los+Angeles+Ca+90011",2178,50,19
"91791","650+S.+Union+Ave.+Los+Angeles+CA+90017",2293,50,13
"91791","2265+E.+103rd+St+Los+Angeles+CA+90002",2532,50,14
"91791","325+E+111th+St+Los+Angeles+CA+90061",2667,50,15
"91791","4131+S+Vermont+Ave+Los+Angeles+Ca+90037",2428,50,16
"91791","1650+E.+104th+St.+Los+Angeles+CA+90002",2617,50,17
"91791","1200+Plaza+del+Sol+Los+Angeles+CA+90033",1680,50,18
"91791","4505+S.+Raymond+Ave.+Los+Angeles+CA+90037",2679,50,20
"91791","3201+W.+8th+St.+Los+Angeles+CA+90010",2574,50,21
"91791","1700+W+46TH+ST+Los+Angeles+CA+90062",2915,50,22
"91791","456+S+Mathews+St+Los+Angeles+CA+90033",1724,50,23
"91791","1921+S+Maple+Ave.+Los+Angeles+CA+90011",2110,50,25
"91791","725+S.+Indiana+St.+Los+Angeles+CA+90023",1524,50,26
"91791","152+N.+Vermont+Ave.+Los+Angeles+CA+90004",2413,50,27
"91791","144+E+118th+St+Los+Angeles+CA+90061",2794,50,28
"91791","1940+E+111TH+St.+LOS+ANGELES+CA+90059",2499,50,29
"91791","322+LUCAS+AVELOS+ANGELES+CA+90017",2255,50,30
"91791","322+LUCAS+AVELOS+ANGELES+CA+90017",2255,50,31
"91791","322+LUCAS+AVELOS+ANGELES+CA+90017",2255,50,32
"91791","322+LUCAS+AVELOS+ANGELES+CA+90017",2255,50,33
"90802","147+E.+107th+Street+Los+Angeles+CA+90003",1772,54,1
"90802","10915+S.+Mc+Kinley+Ave.+Los+Angeles+CA+90059",1875,54,2
"90802","405+E+122nd+St+Los+Angeles+Ca+90061",1758,54,3
"90802","330+E.+93rd+St+Los+Angeles+CA+90003",1960,54,4
"90802","1575+W+2nd.+ST+Los+Angeles+CA+90026",2963,54,5
"90802","1575+W+2nd.+ST+Los+Angeles+CA+90026",2963,54,24
"90802","4410+McKinley+Ave+Los+Angeles+CA+90011",2291,54,6
"90802","3500+S.+Hill+St.+Los+Angeles+CA+90007",2193,54,8
"90802","1515+E.+104th+St.+Los+Angeles+CA+90002",1837,54,9
"90802","234+E+112TH+ST+LOS+ANGELES+CA+90061",1653,54,10
"90802","2510+E.+Sixth+St.+Los+Angeles+CA+90023",2228,54,11
"90802","1319+E+41st+St.+Los+Angeles+Ca+90011",2451,54,12
"90802","1319+E+41st+St.+Los+Angeles+Ca+90011",2451,54,19
"90802","650+S.+Union+Ave.+Los+Angeles+CA+90017",2824,54,13
"90802","2265+E.+103rd+St+Los+Angeles+CA+90002",1863,54,14
"90802","325+E+111th+St+Los+Angeles+CA+90061",1769,54,15
"90802","4131+S+Vermont+Ave+Los+Angeles+Ca+90037",2333,54,16
"90802","1650+E.+104th+St.+Los+Angeles+CA+90002",1806,54,17
"90802","1200+Plaza+del+Sol+Los+Angeles+CA+90033",2383,54,18
"90802","4505+S.+Raymond+Ave.+Los+Angeles+CA+90037",2345,54,20
"90802","3201+W.+8th+St.+Los+Angeles+CA+90010",3040,54,21
"90802","1700+W+46TH+ST+Los+Angeles+CA+90062",2491,54,22
"90802","456+S+Mathews+St+Los+Angeles+CA+90033",2234,54,23
"90802","1921+S+Maple+Ave.+Los+Angeles+CA+90011",2536,54,25
"90802","725+S.+Indiana+St.+Los+Angeles+CA+90023",1998,54,26
"90802","152+N.+Vermont+Ave.+Los+Angeles+CA+90004",3015,54,27
"90802","144+E+118th+St+Los+Angeles+CA+90061",1732,54,28
"90802","1940+E+111TH+St.+LOS+ANGELES+CA+90059",1692,54,29
"90802","322+LUCAS+AVELOS+ANGELES+CA+90017",2895,54,30
"90802","322+LUCAS+AVELOS+ANGELES+CA+90017",2895,54,31
"90802","322+LUCAS+AVELOS+ANGELES+CA+90017",2895,54,32
"90802","322+LUCAS+AVELOS+ANGELES+CA+90017",2895,54,33
"90043","147+E.+107th+Street+Los+Angeles+CA+90003",1202,128,1
"90043","10915+S.+Mc+Kinley+Ave.+Los+Angeles+CA+90059",1359,128,2
"90043","405+E+122nd+St+Los+Angeles+Ca+90061",1386,128,3
"90043","330+E.+93rd+St+Los+Angeles+CA+90003",1279,128,4
"90043","1575+W+2nd.+ST+Los+Angeles+CA+90026",1658,128,5
"90043","1575+W+2nd.+ST+Los+Angeles+CA+90026",1658,128,24
"90043","4410+McKinley+Ave+Los+Angeles+CA+90011",1014,128,6
"90043","3500+S.+Hill+St.+Los+Angeles+CA+90007",906,128,8
"90043","1515+E.+104th+St.+Los+Angeles+CA+90002",1405,128,9
"90043","234+E+112TH+ST+LOS+ANGELES+CA+90061",1140,128,10
"90043","2510+E.+Sixth+St.+Los+Angeles+CA+90023",1755,128,11
"90043","1319+E+41st+St.+Los+Angeles+Ca+90011",1216,128,12
"90043","1319+E+41st+St.+Los+Angeles+Ca+90011",1216,128,19
"90043","650+S.+Union+Ave.+Los+Angeles+CA+90017",1568,128,13
"90043","2265+E.+103rd+St+Los+Angeles+CA+90002",1593,128,14
"90043","325+E+111th+St+Los+Angeles+CA+90061",1294,128,15
"90043","4131+S+Vermont+Ave+Los+Angeles+Ca+90037",661,128,16
"90043","1650+E.+104th+St.+Los+Angeles+CA+90002",1375,128,17
"90043","1200+Plaza+del+Sol+Los+Angeles+CA+90033",1797,128,18
"90043","4505+S.+Raymond+Ave.+Los+Angeles+CA+90037",525,128,20
"90043","3201+W.+8th+St.+Los+Angeles+CA+90010",1413,128,21
"90043","1700+W+46TH+ST+Los+Angeles+CA+90062",366,128,22
"90043","456+S+Mathews+St+Los+Angeles+CA+90033",1771,128,23
"90043","1921+S+Maple+Ave.+Los+Angeles+CA+90011",1225,128,25
"90043","725+S.+Indiana+St.+Los+Angeles+CA+90023",1787,128,26
"90043","152+N.+Vermont+Ave.+Los+Angeles+CA+90004",1719,128,27
"90043","144+E+118th+St+Los+Angeles+CA+90061",1297,128,28
"90043","1940+E+111TH+St.+LOS+ANGELES+CA+90059",1396,128,29
"90043","322+LUCAS+AVELOS+ANGELES+CA+90017",1554,128,30
"90043","322+LUCAS+AVELOS+ANGELES+CA+90017",1554,128,31
"90043","322+LUCAS+AVELOS+ANGELES+CA+90017",1554,128,32
"90043","322+LUCAS+AVELOS+ANGELES+CA+90017",1554,128,33
"90063","147+E.+107th+Street+Los+Angeles+CA+90003",1687,59,1
"90063","10915+S.+Mc+Kinley+Ave.+Los+Angeles+CA+90059",1530,59,2
"90063","405+E+122nd+St+Los+Angeles+Ca+90061",1527,59,3
"90063","330+E.+93rd+St+Los+Angeles+CA+90003",1719,59,4
"90063","1575+W+2nd.+ST+Los+Angeles+CA+90026",1382,59,5
"90063","1575+W+2nd.+ST+Los+Angeles+CA+90026",1382,59,24
"90063","4410+McKinley+Ave+Los+Angeles+CA+90011",1309,59,6
"90063","3500+S.+Hill+St.+Los+Angeles+CA+90007",1253,59,8
"90063","1515+E.+104th+St.+Los+Angeles+CA+90002",1515,59,9
"90063","234+E+112TH+ST+LOS+ANGELES+CA+90061",1557,59,10
"90063","2510+E.+Sixth+St.+Los+Angeles+CA+90023",469,59,11
"90063","1319+E+41st+St.+Los+Angeles+Ca+90011",1107,59,12
"90063","1319+E+41st+St.+Los+Angeles+Ca+90011",1107,59,19
"90063","650+S.+Union+Ave.+Los+Angeles+CA+90017",1366,59,13
"90063","2265+E.+103rd+St+Los+Angeles+CA+90002",1451,59,14
"90063","325+E+111th+St+Los+Angeles+CA+90061",1583,59,15
"90063","4131+S+Vermont+Ave+Los+Angeles+Ca+90037",1419,59,16
"90063","1650+E.+104th+St.+Los+Angeles+CA+90002",1445,59,17
"90063","1200+Plaza+del+Sol+Los+Angeles+CA+90033",645,59,18
"90063","4505+S.+Raymond+Ave.+Los+Angeles+CA+90037",1566,59,20
"90063","3201+W.+8th+St.+Los+Angeles+CA+90010",1596,59,21
"90063","1700+W+46TH+ST+Los+Angeles+CA+90062",1732,59,22
"90063","456+S+Mathews+St+Los+Angeles+CA+90033",447,59,23
"90063","1921+S+Maple+Ave.+Los+Angeles+CA+90011",1048,59,25
"90063","725+S.+Indiana+St.+Los+Angeles+CA+90023",401,59,26
"90063","152+N.+Vermont+Ave.+Los+Angeles+CA+90004",1471,59,27
"90063","144+E+118th+St+Los+Angeles+CA+90061",1636,59,28
"90063","1940+E+111TH+St.+LOS+ANGELES+CA+90059",1324,59,29
"90063","322+LUCAS+AVELOS+ANGELES+CA+90017",1343,59,30
"90063","322+LUCAS+AVELOS+ANGELES+CA+90017",1343,59,31
"90063","322+LUCAS+AVELOS+ANGELES+CA+90017",1343,59,32
"90063","322+LUCAS+AVELOS+ANGELES+CA+90017",1343,59,33
"90062","147+E.+107th+Street+Los+Angeles+CA+90003",949,60,1
"90062","10915+S.+Mc+Kinley+Ave.+Los+Angeles+CA+90059",1106,60,2
"90062","405+E+122nd+St+Los+Angeles+Ca+90061",1124,60,3
"90062","330+E.+93rd+St+Los+Angeles+CA+90003",1025,60,4
"90062","1575+W+2nd.+ST+Los+Angeles+CA+90026",1457,60,5
"90062","1575+W+2nd.+ST+Los+Angeles+CA+90026",1457,60,24
"90062","4410+McKinley+Ave+Los+Angeles+CA+90011",681,60,6
"90062","3500+S.+Hill+St.+Los+Angeles+CA+90007",571,60,8
"90062","1515+E.+104th+St.+Los+Angeles+CA+90002",1205,60,9
"90062","234+E+112TH+ST+LOS+ANGELES+CA+90061",945,60,10
"90062","2510+E.+Sixth+St.+Los+Angeles+CA+90023",1451,60,11
"90062","1319+E+41st+St.+Los+Angeles+Ca+90011",879,60,12
"90062","1319+E+41st+St.+Los+Angeles+Ca+90011",879,60,19
"90062","650+S.+Union+Ave.+Los+Angeles+CA+90017",1321,60,13
"90062","2265+E.+103rd+St+Los+Angeles+CA+90002",1324,60,14
"90062","325+E+111th+St+Los+Angeles+CA+90061",1037,60,15
"90062","4131+S+Vermont+Ave+Los+Angeles+Ca+90037",321,60,16
"90062","1650+E.+104th+St.+Los+Angeles+CA+90002",1188,60,17
"90062","1200+Plaza+del+Sol+Los+Angeles+CA+90033",1581,60,18
"90062","4505+S.+Raymond+Ave.+Los+Angeles+CA+90037",177,60,20
"90062","3201+W.+8th+St.+Los+Angeles+CA+90010",1110,60,21
"90062","1700+W+46TH+ST+Los+Angeles+CA+90062",57,60,22
"90062","456+S+Mathews+St+Los+Angeles+CA+90033",1424,60,23
"90062","1921+S+Maple+Ave.+Los+Angeles+CA+90011",920,60,25
"90062","725+S.+Indiana+St.+Los+Angeles+CA+90023",1505,60,26
"90062","152+N.+Vermont+Ave.+Los+Angeles+CA+90004",1473,60,27
"90062","144+E+118th+St+Los+Angeles+CA+90061",1042,60,28
"90062","1940+E+111TH+St.+LOS+ANGELES+CA+90059",1125,60,29
"90062","322+LUCAS+AVELOS+ANGELES+CA+90017",1291,60,30
"90062","322+LUCAS+AVELOS+ANGELES+CA+90017",1291,60,31
"90062","322+LUCAS+AVELOS+ANGELES+CA+90017",1291,60,32
"90062","322+LUCAS+AVELOS+ANGELES+CA+90017",1291,60,33
"90065","147+E.+107th+Street+Los+Angeles+CA+90003",2071,61,1
"90065","10915+S.+Mc+Kinley+Ave.+Los+Angeles+CA+90059",2258,61,2
"90065","405+E+122nd+St+Los+Angeles+Ca+90061",2257,61,3
"90065","330+E.+93rd+St+Los+Angeles+CA+90003",2165,61,4
"90065","1575+W+2nd.+ST+Los+Angeles+CA+90026",1352,61,5
"90065","1575+W+2nd.+ST+Los+Angeles+CA+90026",1352,61,24
"90065","4410+McKinley+Ave+Los+Angeles+CA+90011",1849,61,6
"90065","3500+S.+Hill+St.+Los+Angeles+CA+90007",1634,61,8
"90065","1515+E.+104th+St.+Los+Angeles+CA+90002",2334,61,9
"90065","234+E+112TH+ST+LOS+ANGELES+CA+90061",2101,61,10
"90065","2510+E.+Sixth+St.+Los+Angeles+CA+90023",1182,61,11
"90065","1319+E+41st+St.+Los+Angeles+Ca+90011",1767,61,12
"90065","1319+E+41st+St.+Los+Angeles+Ca+90011",1767,61,19
"90065","650+S.+Union+Ave.+Los+Angeles+CA+90017",1376,61,13
"90065","2265+E.+103rd+St+Los+Angeles+CA+90002",2515,61,14
"90065","325+E+111th+St+Los+Angeles+CA+90061",2163,61,15
"90065","4131+S+Vermont+Ave+Los+Angeles+Ca+90037",1681,61,16
"90065","1650+E.+104th+St.+Los+Angeles+CA+90002",2326,61,17
"90065","1200+Plaza+del+Sol+Los+Angeles+CA+90033",1144,61,18
"90065","4505+S.+Raymond+Ave.+Los+Angeles+CA+90037",1813,61,20
"90065","3201+W.+8th+St.+Los+Angeles+CA+90010",1654,61,21
"90065","1700+W+46TH+ST+Los+Angeles+CA+90062",1983,61,22
"90065","456+S+Mathews+St+Los+Angeles+CA+90033",1165,61,23
"90065","1921+S+Maple+Ave.+Los+Angeles+CA+90011",1561,61,25
"90065","725+S.+Indiana+St.+Los+Angeles+CA+90023",1435,61,26
"90065","152+N.+Vermont+Ave.+Los+Angeles+CA+90004",1366,61,27
"90065","144+E+118th+St+Los+Angeles+CA+90061",2200,61,28
"90065","1940+E+111TH+St.+LOS+ANGELES+CA+90059",2278,61,29
"90065","322+LUCAS+AVELOS+ANGELES+CA+90017",1330,61,30
"90065","322+LUCAS+AVELOS+ANGELES+CA+90017",1330,61,31
"90065","322+LUCAS+AVELOS+ANGELES+CA+90017",1330,61,32
"90065","322+LUCAS+AVELOS+ANGELES+CA+90017",1330,61,33
"90274","147+E.+107th+Street+Los+Angeles+CA+90003",1659,129,1
"90274","10915+S.+Mc+Kinley+Ave.+Los+Angeles+CA+90059",1771,129,2
"90274","405+E+122nd+St+Los+Angeles+Ca+90061",1635,129,3
"90274","330+E.+93rd+St+Los+Angeles+CA+90003",1855,129,4
"90274","1575+W+2nd.+ST+Los+Angeles+CA+90026",2836,129,5
"90274","1575+W+2nd.+ST+Los+Angeles+CA+90026",2836,129,24
"90274","4410+McKinley+Ave+Los+Angeles+CA+90011",2196,129,6
"90274","3500+S.+Hill+St.+Los+Angeles+CA+90007",2095,129,8
"90274","1515+E.+104th+St.+Los+Angeles+CA+90002",1917,129,9
"90274","234+E+112TH+ST+LOS+ANGELES+CA+90061",1498,129,10
"90274","2510+E.+Sixth+St.+Los+Angeles+CA+90023",2630,129,11
"90274","1319+E+41st+St.+Los+Angeles+Ca+90011",2349,129,12
"90274","1319+E+41st+St.+Los+Angeles+Ca+90011",2349,129,19
"90274","650+S.+Union+Ave.+Los+Angeles+CA+90017",2763,129,13
"90274","2265+E.+103rd+St+Los+Angeles+CA+90002",1958,129,14
"90274","325+E+111th+St+Los+Angeles+CA+90061",1611,129,15
"90274","4131+S+Vermont+Ave+Los+Angeles+Ca+90037",2196,129,16
"90274","1650+E.+104th+St.+Los+Angeles+CA+90002",1836,129,17
"90274","1200+Plaza+del+Sol+Los+Angeles+CA+90033",2705,129,18
"90274","4505+S.+Raymond+Ave.+Los+Angeles+CA+90037",2206,129,20
"90274","3201+W.+8th+St.+Los+Angeles+CA+90010",2959,129,21
"90274","1700+W+46TH+ST+Los+Angeles+CA+90062",2309,129,22
"90274","456+S+Mathews+St+Los+Angeles+CA+90033",2687,129,23
"90274","1921+S+Maple+Ave.+Los+Angeles+CA+90011",2412,129,25
"90274","725+S.+Indiana+St.+Los+Angeles+CA+90023",2401,129,26
"90274","152+N.+Vermont+Ave.+Los+Angeles+CA+90004",3202,129,27
"90274","144+E+118th+St+Los+Angeles+CA+90061",1641,129,28
"90274","1940+E+111TH+St.+LOS+ANGELES+CA+90059",1748,129,29
"90274","322+LUCAS+AVELOS+ANGELES+CA+90017",2793,129,30
"90274","322+LUCAS+AVELOS+ANGELES+CA+90017",2793,129,31
"90274","322+LUCAS+AVELOS+ANGELES+CA+90017",2793,129,32
"90274","322+LUCAS+AVELOS+ANGELES+CA+90017",2793,129,33
"90031","147+E.+107th+Street+Los+Angeles+CA+90003",1607,64,1
"90031","10915+S.+Mc+Kinley+Ave.+Los+Angeles+CA+90059",1761,64,2
"90031","405+E+122nd+St+Los+Angeles+Ca+90061",1791,64,3
"90031","330+E.+93rd+St+Los+Angeles+CA+90003",1681,64,4
"90031","1575+W+2nd.+ST+Los+Angeles+CA+90026",797,64,5
"90031","1575+W+2nd.+ST+Los+Angeles+CA+90026",797,64,24
"90031","4410+McKinley+Ave+Los+Angeles+CA+90011",1353,64,6
"90031","3500+S.+Hill+St.+Los+Angeles+CA+90007",1152,64,8
"90031","1515+E.+104th+St.+Los+Angeles+CA+90002",1879,64,9
"90031","234+E+112TH+ST+LOS+ANGELES+CA+90061",1582,64,10
"90031","2510+E.+Sixth+St.+Los+Angeles+CA+90023",666,64,11
"90031","1319+E+41st+St.+Los+Angeles+Ca+90011",1272,64,12
"90031","1319+E+41st+St.+Los+Angeles+Ca+90011",1272,64,19
"90031","650+S.+Union+Ave.+Los+Angeles+CA+90017",914,64,13
"90031","2265+E.+103rd+St+Los+Angeles+CA+90002",2011,64,14
"90031","325+E+111th+St+Los+Angeles+CA+90061",1693,64,15
"90031","4131+S+Vermont+Ave+Los+Angeles+Ca+90037",1208,64,16
"90031","1650+E.+104th+St.+Los+Angeles+CA+90002",1830,64,17
"90031","1200+Plaza+del+Sol+Los+Angeles+CA+90033",652,64,18
"90031","4505+S.+Raymond+Ave.+Los+Angeles+CA+90037",1343,64,20
"90031","3201+W.+8th+St.+Los+Angeles+CA+90010",1216,64,21
"90031","1700+W+46TH+ST+Los+Angeles+CA+90062",1490,64,22
"90031","456+S+Mathews+St+Los+Angeles+CA+90033",644,64,23
"90031","1921+S+Maple+Ave.+Los+Angeles+CA+90011",1088,64,25
"90031","725+S.+Indiana+St.+Los+Angeles+CA+90023",819,64,26
"90031","152+N.+Vermont+Ave.+Los+Angeles+CA+90004",926,64,27
"90031","144+E+118th+St+Los+Angeles+CA+90061",1700,64,28
"90031","1940+E+111TH+St.+LOS+ANGELES+CA+90059",1779,64,29
"90031","322+LUCAS+AVELOS+ANGELES+CA+90017",958,64,30
"90031","322+LUCAS+AVELOS+ANGELES+CA+90017",958,64,31
"90031","322+LUCAS+AVELOS+ANGELES+CA+90017",958,64,32
"90031","322+LUCAS+AVELOS+ANGELES+CA+90017",958,64,33
"91335","147+E.+107th+Street+Los+Angeles+CA+90003",3682,130,1
"91335","10915+S.+Mc+Kinley+Ave.+Los+Angeles+CA+90059",3791,130,2
"91335","405+E+122nd+St+Los+Angeles+Ca+90061",3614,130,3
"91335","330+E.+93rd+St+Los+Angeles+CA+90003",3848,130,4
"91335","1575+W+2nd.+ST+Los+Angeles+CA+90026",3002,130,5
"91335","1575+W+2nd.+ST+Los+Angeles+CA+90026",3002,130,24
"91335","4410+McKinley+Ave+Los+Angeles+CA+90011",3657,130,6
"91335","3500+S.+Hill+St.+Los+Angeles+CA+90007",3349,130,8
"91335","1515+E.+104th+St.+Los+Angeles+CA+90002",3839,130,9
"91335","234+E+112TH+ST+LOS+ANGELES+CA+90061",3590,130,10
"91335","2510+E.+Sixth+St.+Los+Angeles+CA+90023",3025,130,11
"91335","1319+E+41st+St.+Los+Angeles+Ca+90011",3665,130,12
"91335","1319+E+41st+St.+Los+Angeles+Ca+90011",3665,130,19
"91335","650+S.+Union+Ave.+Los+Angeles+CA+90017",3144,130,13
"91335","2265+E.+103rd+St+Los+Angeles+CA+90002",3880,130,14
"91335","325+E+111th+St+Los+Angeles+CA+90061",3712,130,15
"91335","4131+S+Vermont+Ave+Los+Angeles+Ca+90037",3307,130,16
"91335","1650+E.+104th+St.+Los+Angeles+CA+90002",3772,130,17
"91335","1200+Plaza+del+Sol+Los+Angeles+CA+90033",2984,130,18
"91335","4505+S.+Raymond+Ave.+Los+Angeles+CA+90037",3254,130,20
"91335","3201+W.+8th+St.+Los+Angeles+CA+90010",2960,130,21
"91335","1700+W+46TH+ST+Los+Angeles+CA+90062",3266,130,22
"91335","456+S+Mathews+St+Los+Angeles+CA+90033",2905,130,23
"91335","1921+S+Maple+Ave.+Los+Angeles+CA+90011",3303,130,25
"91335","725+S.+Indiana+St.+Los+Angeles+CA+90023",3141,130,26
"91335","152+N.+Vermont+Ave.+Los+Angeles+CA+90004",2562,130,27
"91335","144+E+118th+St+Los+Angeles+CA+90061",3556,130,28
"91335","1940+E+111TH+St.+LOS+ANGELES+CA+90059",3661,130,29
"91335","322+LUCAS+AVELOS+ANGELES+CA+90017",2884,130,30
"91335","322+LUCAS+AVELOS+ANGELES+CA+90017",2884,130,31
"91335","322+LUCAS+AVELOS+ANGELES+CA+90017",2884,130,32
"91335","322+LUCAS+AVELOS+ANGELES+CA+90017",2884,130,33
"91768","147+E.+107th+Street+Los+Angeles+CA+90003",2954,169,1
"91768","10915+S.+Mc+Kinley+Ave.+Los+Angeles+CA+90059",2893,169,2
"91768","405+E+122nd+St+Los+Angeles+Ca+90061",2905,169,3
"91768","330+E.+93rd+St+Los+Angeles+CA+90003",3010,169,4
"91768","1575+W+2nd.+ST+Los+Angeles+CA+90026",2532,169,5
"91768","1575+W+2nd.+ST+Los+Angeles+CA+90026",2532,169,24
"91768","4410+McKinley+Ave+Los+Angeles+CA+90011",2565,169,6
"91768","3500+S.+Hill+St.+Los+Angeles+CA+90007",2446,169,8
"91768","1515+E.+104th+St.+Los+Angeles+CA+90002",2847,169,9
"91768","234+E+112TH+ST+LOS+ANGELES+CA+90061",2937,169,10
"91768","2510+E.+Sixth+St.+Los+Angeles+CA+90023",1892,169,11
"91768","1319+E+41st+St.+Los+Angeles+Ca+90011",2361,169,12
"91768","1319+E+41st+St.+Los+Angeles+Ca+90011",2361,169,19
"91768","650+S.+Union+Ave.+Los+Angeles+CA+90017",2476,169,13
"91768","2265+E.+103rd+St+Los+Angeles+CA+90002",2889,169,14
"91768","325+E+111th+St+Los+Angeles+CA+90061",2917,169,15
"91768","4131+S+Vermont+Ave+Los+Angeles+Ca+90037",2638,169,16
"91768","1650+E.+104th+St.+Los+Angeles+CA+90002",2753,169,17
"91768","1200+Plaza+del+Sol+Los+Angeles+CA+90033",1851,169,18
"91768","4505+S.+Raymond+Ave.+Los+Angeles+CA+90037",2922,169,20
"91768","3201+W.+8th+St.+Los+Angeles+CA+90010",2717,169,21
"91768","1700+W+46TH+ST+Los+Angeles+CA+90062",2939,169,22
"91768","456+S+Mathews+St+Los+Angeles+CA+90033",1908,169,23
"91768","1921+S+Maple+Ave.+Los+Angeles+CA+90011",2280,169,25
"91768","725+S.+Indiana+St.+Los+Angeles+CA+90023",1720,169,26
"91768","152+N.+Vermont+Ave.+Los+Angeles+CA+90004",2584,169,27
"91768","144+E+118th+St+Los+Angeles+CA+90061",3004,169,28
"91768","1940+E+111TH+St.+LOS+ANGELES+CA+90059",2694,169,29
"91768","322+LUCAS+AVELOS+ANGELES+CA+90017",2451,169,30
"91768","322+LUCAS+AVELOS+ANGELES+CA+90017",2451,169,31
"91768","322+LUCAS+AVELOS+ANGELES+CA+90017",2451,169,32
"91768","322+LUCAS+AVELOS+ANGELES+CA+90017",2451,169,33
"90603","147+E.+107th+Street+Los+Angeles+CA+90003",2427,135,1
"90603","10915+S.+Mc+Kinley+Ave.+Los+Angeles+CA+90059",2308,135,2
"90603","405+E+122nd+St+Los+Angeles+Ca+90061",2312,135,3
"90603","330+E.+93rd+St+Los+Angeles+CA+90003",2518,135,4
"90603","1575+W+2nd.+ST+Los+Angeles+CA+90026",2798,135,5
"90603","1575+W+2nd.+ST+Los+Angeles+CA+90026",2798,135,24
"90603","4410+McKinley+Ave+Los+Angeles+CA+90011",2653,135,6
"90603","3500+S.+Hill+St.+Los+Angeles+CA+90007",2558,135,8
"90603","1515+E.+104th+St.+Los+Angeles+CA+90002",2257,135,9
"90603","234+E+112TH+ST+LOS+ANGELES+CA+90061",2356,135,10
"90603","2510+E.+Sixth+St.+Los+Angeles+CA+90023",2028,135,11
"90603","1319+E+41st+St.+Los+Angeles+Ca+90011",2455,135,12
"90603","1319+E+41st+St.+Los+Angeles+Ca+90011",2455,135,19
"90603","650+S.+Union+Ave.+Los+Angeles+CA+90017",2792,135,13
"90603","2265+E.+103rd+St+Los+Angeles+CA+90002",2298,135,14
"90603","325+E+111th+St+Los+Angeles+CA+90061",2344,135,15
"90603","4131+S+Vermont+Ave+Los+Angeles+Ca+90037",2787,135,16
"90603","1650+E.+104th+St.+Los+Angeles+CA+90002",2233,135,17
"90603","1200+Plaza+del+Sol+Los+Angeles+CA+90033",2132,135,18
"90603","4505+S.+Raymond+Ave.+Los+Angeles+CA+90037",2940,135,20
"90603","3201+W.+8th+St.+Los+Angeles+CA+90010",2868,135,21
"90603","1700+W+46TH+ST+Los+Angeles+CA+90062",3089,135,22
"90603","456+S+Mathews+St+Los+Angeles+CA+90033",2034,135,23
"90603","1921+S+Maple+Ave.+Los+Angeles+CA+90011",2366,135,25
"90603","725+S.+Indiana+St.+Los+Angeles+CA+90023",1834,135,26
"90603","152+N.+Vermont+Ave.+Los+Angeles+CA+90004",2917,135,27
"90603","144+E+118th+St+Los+Angeles+CA+90061",2410,135,28
"90603","1940+E+111TH+St.+LOS+ANGELES+CA+90059",2102,135,29
"90603","322+LUCAS+AVELOS+ANGELES+CA+90017",2746,135,30
"90603","322+LUCAS+AVELOS+ANGELES+CA+90017",2746,135,31
"90603","322+LUCAS+AVELOS+ANGELES+CA+90017",2746,135,32
"90603","322+LUCAS+AVELOS+ANGELES+CA+90017",2746,135,33
"90712","147+E.+107th+Street+Los+Angeles+CA+90003",1331,72,1
"90712","10915+S.+Mc+Kinley+Ave.+Los+Angeles+CA+90059",1339,72,2
"90712","405+E+122nd+St+Los+Angeles+Ca+90061",1298,72,3
"90712","330+E.+93rd+St+Los+Angeles+CA+90003",1517,72,4
"90712","1575+W+2nd.+ST+Los+Angeles+CA+90026",2517,72,5
"90712","1575+W+2nd.+ST+Los+Angeles+CA+90026",2517,72,24
"90712","4410+McKinley+Ave+Los+Angeles+CA+90011",1826,72,6
"90712","3500+S.+Hill+St.+Los+Angeles+CA+90007",1780,72,8
"90712","1515+E.+104th+St.+Los+Angeles+CA+90002",1291,72,9
"90712","234+E+112TH+ST+LOS+ANGELES+CA+90061",1207,72,10
"90712","2510+E.+Sixth+St.+Los+Angeles+CA+90023",1704,72,11
"90712","1319+E+41st+St.+Los+Angeles+Ca+90011",1942,72,12
"90712","1319+E+41st+St.+Los+Angeles+Ca+90011",1942,72,19
"90712","650+S.+Union+Ave.+Los+Angeles+CA+90017",2420,72,13
"90712","2265+E.+103rd+St+Los+Angeles+CA+90002",1337,72,14
"90712","325+E+111th+St+Los+Angeles+CA+90061",1327,72,15
"90712","4131+S+Vermont+Ave+Los+Angeles+Ca+90037",1878,72,16
"90712","1650+E.+104th+St.+Los+Angeles+CA+90002",1258,72,17
"90712","1200+Plaza+del+Sol+Los+Angeles+CA+90033",1770,72,18
"90712","4505+S.+Raymond+Ave.+Los+Angeles+CA+90037",1926,72,20
"90712","3201+W.+8th+St.+Los+Angeles+CA+90010",2697,72,21
"90712","1700+W+46TH+ST+Los+Angeles+CA+90062",2009,72,22
"90712","456+S+Mathews+St+Los+Angeles+CA+90033",1749,72,23
"90712","1921+S+Maple+Ave.+Los+Angeles+CA+90011",2078,72,25
"90712","725+S.+Indiana+St.+Los+Angeles+CA+90023",1406,72,26
"90712","152+N.+Vermont+Ave.+Los+Angeles+CA+90004",2557,72,27
"90712","144+E+118th+St+Los+Angeles+CA+90061",1298,72,28
"90712","1940+E+111TH+St.+LOS+ANGELES+CA+90059",1138,72,29
"90712","322+LUCAS+AVELOS+ANGELES+CA+90017",2381,72,30
"90712","322+LUCAS+AVELOS+ANGELES+CA+90017",2381,72,31
"90712","322+LUCAS+AVELOS+ANGELES+CA+90017",2381,72,32
"90712","322+LUCAS+AVELOS+ANGELES+CA+90017",2381,72,33
"91602","147+E.+107th+Street+Los+Angeles+CA+90003",2495,138,1
"91602","10915+S.+Mc+Kinley+Ave.+Los+Angeles+CA+90059",2625,138,2
"91602","405+E+122nd+St+Los+Angeles+Ca+90061",2679,138,3
"91602","330+E.+93rd+St+Los+Angeles+CA+90003",2505,138,4
"91602","1575+W+2nd.+ST+Los+Angeles+CA+90026",1479,138,5
"91602","1575+W+2nd.+ST+Los+Angeles+CA+90026",1479,138,24
"91602","4410+McKinley+Ave+Los+Angeles+CA+90011",2192,138,6
"91602","3500+S.+Hill+St.+Los+Angeles+CA+90007",1987,138,8
"91602","1515+E.+104th+St.+Los+Angeles+CA+90002",2735,138,9
"91602","234+E+112TH+ST+LOS+ANGELES+CA+90061",2429,138,10
"91602","2510+E.+Sixth+St.+Los+Angeles+CA+90023",1595,138,11
"91602","1319+E+41st+St.+Los+Angeles+Ca+90011",2165,138,12
"91602","1319+E+41st+St.+Los+Angeles+Ca+90011",2165,138,19
"91602","650+S.+Union+Ave.+Los+Angeles+CA+90017",1681,138,13
"91602","2265+E.+103rd+St+Los+Angeles+CA+90002",2909,138,14
"91602","325+E+111th+St+Los+Angeles+CA+90061",2585,138,15
"91602","4131+S+Vermont+Ave+Los+Angeles+Ca+90037",2009,138,16
"91602","1650+E.+104th+St.+Los+Angeles+CA+90002",2717,138,17
"91602","1200+Plaza+del+Sol+Los+Angeles+CA+90033",1509,138,18
"91602","4505+S.+Raymond+Ave.+Los+Angeles+CA+90037",2190,138,20
"91602","3201+W.+8th+St.+Los+Angeles+CA+90010",1587,138,21
"91602","1700+W+46TH+ST+Los+Angeles+CA+90062",2371,138,22
"91602","456+S+Mathews+St+Los+Angeles+CA+90033",1529,138,23
"91602","1921+S+Maple+Ave.+Los+Angeles+CA+90011",1894,138,25
"91602","725+S.+Indiana+St.+Los+Angeles+CA+90023",1720,138,26
"91602","152+N.+Vermont+Ave.+Los+Angeles+CA+90004",1205,138,27
"91602","144+E+118th+St+Los+Angeles+CA+90061",2564,138,28
"91602","1940+E+111TH+St.+LOS+ANGELES+CA+90059",2622,138,29
"91602","322+LUCAS+AVELOS+ANGELES+CA+90017",1489,138,30
"91602","322+LUCAS+AVELOS+ANGELES+CA+90017",1489,138,31
"91602","322+LUCAS+AVELOS+ANGELES+CA+90017",1489,138,32
"91602","322+LUCAS+AVELOS+ANGELES+CA+90017",1489,138,33
"90064","147+E.+107th+Street+Los+Angeles+CA+90003",1820,76,1
"90064","10915+S.+Mc+Kinley+Ave.+Los+Angeles+CA+90059",1847,76,2
"90064","405+E+122nd+St+Los+Angeles+Ca+90061",1772,76,3
"90064","330+E.+93rd+St+Los+Angeles+CA+90003",1892,76,4
"90064","1575+W+2nd.+ST+Los+Angeles+CA+90026",1732,76,5
"90064","1575+W+2nd.+ST+Los+Angeles+CA+90026",1732,76,24
"90064","4410+McKinley+Ave+Los+Angeles+CA+90011",1737,76,6
"90064","3500+S.+Hill+St.+Los+Angeles+CA+90007",1424,76,8
"90064","1515+E.+104th+St.+Los+Angeles+CA+90002",1887,76,9
"90064","234+E+112TH+ST+LOS+ANGELES+CA+90061",1690,76,10
"90064","2510+E.+Sixth+St.+Los+Angeles+CA+90023",1794,76,11
"90064","1319+E+41st+St.+Los+Angeles+Ca+90011",1712,76,12
"90064","1319+E+41st+St.+Los+Angeles+Ca+90011",1712,76,19
"90064","650+S.+Union+Ave.+Los+Angeles+CA+90017",1571,76,13
"90064","2265+E.+103rd+St+Los+Angeles+CA+90002",1887,76,14
"90064","325+E+111th+St+Los+Angeles+CA+90061",1769,76,15
"90064","4131+S+Vermont+Ave+Los+Angeles+Ca+90037",1457,76,16
"90064","1650+E.+104th+St.+Los+Angeles+CA+90002",1860,76,17
"90064","1200+Plaza+del+Sol+Los+Angeles+CA+90033",1776,76,18
"90064","4505+S.+Raymond+Ave.+Los+Angeles+CA+90037",1465,76,20
"90064","3201+W.+8th+St.+Los+Angeles+CA+90010",1405,76,21
"90064","1700+W+46TH+ST+Los+Angeles+CA+90062",1422,76,22
"90064","456+S+Mathews+St+Los+Angeles+CA+90033",1821,76,23
"90064","1921+S+Maple+Ave.+Los+Angeles+CA+90011",1413,76,25
"90064","725+S.+Indiana+St.+Los+Angeles+CA+90023",1876,76,26
"90064","152+N.+Vermont+Ave.+Los+Angeles+CA+90004",1767,76,27
"90064","144+E+118th+St+Los+Angeles+CA+90061",1693,76,28
"90064","1940+E+111TH+St.+LOS+ANGELES+CA+90059",1717,76,29
"90064","322+LUCAS+AVELOS+ANGELES+CA+90017",1545,76,30
"90064","322+LUCAS+AVELOS+ANGELES+CA+90017",1545,76,31
"90064","322+LUCAS+AVELOS+ANGELES+CA+90017",1545,76,32
"90064","322+LUCAS+AVELOS+ANGELES+CA+90017",1545,76,33
"90034","147+E.+107th+Street+Los+Angeles+CA+90003",1891,77,1
"90034","10915+S.+Mc+Kinley+Ave.+Los+Angeles+CA+90059",2041,77,2
"90034","405+E+122nd+St+Los+Angeles+Ca+90061",1906,77,3
"90034","330+E.+93rd+St+Los+Angeles+CA+90003",1972,77,4
"90034","1575+W+2nd.+ST+Los+Angeles+CA+90026",1590,77,5
"90034","1575+W+2nd.+ST+Los+Angeles+CA+90026",1590,77,24
"90034","4410+McKinley+Ave+Los+Angeles+CA+90011",1632,77,6
"90034","3500+S.+Hill+St.+Los+Angeles+CA+90007",1373,77,8
"90034","1515+E.+104th+St.+Los+Angeles+CA+90002",2027,77,9
"90034","234+E+112TH+ST+LOS+ANGELES+CA+90061",1899,77,10
"90034","2510+E.+Sixth+St.+Los+Angeles+CA+90023",1696,77,11
"90034","1319+E+41st+St.+Los+Angeles+Ca+90011",1625,77,12
"90034","1319+E+41st+St.+Los+Angeles+Ca+90011",1625,77,19
"90034","650+S.+Union+Ave.+Los+Angeles+CA+90017",1521,77,13
"90034","2265+E.+103rd+St+Los+Angeles+CA+90002",2123,77,14
"90034","325+E+111th+St+Los+Angeles+CA+90061",1950,77,15
"90034","4131+S+Vermont+Ave+Los+Angeles+Ca+90037",1343,77,16
"90034","1650+E.+104th+St.+Los+Angeles+CA+90002",1996,77,17
"90034","1200+Plaza+del+Sol+Los+Angeles+CA+90033",1691,77,18
"90034","4505+S.+Raymond+Ave.+Los+Angeles+CA+90037",1333,77,20
"90034","3201+W.+8th+St.+Los+Angeles+CA+90010",1313,77,21
"90034","1700+W+46TH+ST+Los+Angeles+CA+90062",1296,77,22
"90034","456+S+Mathews+St+Los+Angeles+CA+90033",1678,77,23
"90034","1921+S+Maple+Ave.+Los+Angeles+CA+90011",1273,77,25
"90034","725+S.+Indiana+St.+Los+Angeles+CA+90023",1728,77,26
"90034","152+N.+Vermont+Ave.+Los+Angeles+CA+90004",1592,77,27
"90034","144+E+118th+St+Los+Angeles+CA+90061",1963,77,28
"90034","1940+E+111TH+St.+LOS+ANGELES+CA+90059",1859,77,29
"90034","322+LUCAS+AVELOS+ANGELES+CA+90017",1536,77,30
"90034","322+LUCAS+AVELOS+ANGELES+CA+90017",1536,77,31
"90034","322+LUCAS+AVELOS+ANGELES+CA+90017",1536,77,32
"90034","322+LUCAS+AVELOS+ANGELES+CA+90017",1536,77,33
"90255","147+E.+107th+Street+Los+Angeles+CA+90003",1181,78,1
"90255","10915+S.+Mc+Kinley+Ave.+Los+Angeles+CA+90059",1105,78,2
"90255","405+E+122nd+St+Los+Angeles+Ca+90061",1305,78,3
"90255","330+E.+93rd+St+Los+Angeles+CA+90003",980,78,4
"90255","1575+W+2nd.+ST+Los+Angeles+CA+90026",1857,78,5
"90255","1575+W+2nd.+ST+Los+Angeles+CA+90026",1857,78,24
"90255","4410+McKinley+Ave+Los+Angeles+CA+90011",1017,78,6
"90255","3500+S.+Hill+St.+Los+Angeles+CA+90007",1349,78,8
"90255","1515+E.+104th+St.+Los+Angeles+CA+90002",860,78,9
"90255","234+E+112TH+ST+LOS+ANGELES+CA+90061",1223,78,10
"90255","2510+E.+Sixth+St.+Los+Angeles+CA+90023",1310,78,11
"90255","1319+E+41st+St.+Los+Angeles+Ca+90011",948,78,12
"90255","1319+E+41st+St.+Los+Angeles+Ca+90011",948,78,19
"90255","650+S.+Union+Ave.+Los+Angeles+CA+90017",1763,78,13
"90255","2265+E.+103rd+St+Los+Angeles+CA+90002",683,78,14
"90255","325+E+111th+St+Los+Angeles+CA+90061",1170,78,15
"90255","4131+S+Vermont+Ave+Los+Angeles+Ca+90037",1475,78,16
"90255","1650+E.+104th+St.+Los+Angeles+CA+90002",846,78,17
"90255","1200+Plaza+del+Sol+Los+Angeles+CA+90033",1497,78,18
"90255","4505+S.+Raymond+Ave.+Los+Angeles+CA+90037",1478,78,20
"90255","3201+W.+8th+St.+Los+Angeles+CA+90010",1899,78,21
"90255","1700+W+46TH+ST+Los+Angeles+CA+90062",1561,78,22
"90255","456+S+Mathews+St+Los+Angeles+CA+90033",1316,78,23
"90255","1921+S+Maple+Ave.+Los+Angeles+CA+90011",1367,78,25
"90255","725+S.+Indiana+St.+Los+Angeles+CA+90023",1293,78,26
"90255","152+N.+Vermont+Ave.+Los+Angeles+CA+90004",2289,78,27
"90255","144+E+118th+St+Los+Angeles+CA+90061",1320,78,28
"90255","1940+E+111TH+St.+LOS+ANGELES+CA+90059",920,78,29
"90255","322+LUCAS+AVELOS+ANGELES+CA+90017",1778,78,30
"90255","322+LUCAS+AVELOS+ANGELES+CA+90017",1778,78,31
"90255","322+LUCAS+AVELOS+ANGELES+CA+90017",1778,78,32
"90255","322+LUCAS+AVELOS+ANGELES+CA+90017",1778,78,33
"91722","147+E.+107th+Street+Los+Angeles+CA+90003",2834,81,1
"91722","10915+S.+Mc+Kinley+Ave.+Los+Angeles+CA+90059",2720,81,2
"91722","405+E+122nd+St+Los+Angeles+Ca+90061",2714,81,3
"91722","330+E.+93rd+St+Los+Angeles+CA+90003",2913,81,4
"91722","1575+W+2nd.+ST+Los+Angeles+CA+90026",2381,81,5
"91722","1575+W+2nd.+ST+Los+Angeles+CA+90026",2381,81,24
"91722","4410+McKinley+Ave+Los+Angeles+CA+90011",2375,81,6
"91722","3500+S.+Hill+St.+Los+Angeles+CA+90007",2332,81,8
"91722","1515+E.+104th+St.+Los+Angeles+CA+90002",2714,81,9
"91722","234+E+112TH+ST+LOS+ANGELES+CA+90061",2760,81,10
"91722","2510+E.+Sixth+St.+Los+Angeles+CA+90023",1806,81,11
"91722","1319+E+41st+St.+Los+Angeles+Ca+90011",2226,81,12
"91722","1319+E+41st+St.+Los+Angeles+Ca+90011",2226,81,19
"91722","650+S.+Union+Ave.+Los+Angeles+CA+90017",2341,81,13
"91722","2265+E.+103rd+St+Los+Angeles+CA+90002",2707,81,14
"91722","325+E+111th+St+Los+Angeles+CA+90061",2742,81,15
"91722","4131+S+Vermont+Ave+Los+Angeles+Ca+90037",2656,81,16
"91722","1650+E.+104th+St.+Los+Angeles+CA+90002",2639,81,17
"91722","1200+Plaza+del+Sol+Los+Angeles+CA+90033",1721,81,18
"91722","4505+S.+Raymond+Ave.+Los+Angeles+CA+90037",2807,81,20
"91722","3201+W.+8th+St.+Los+Angeles+CA+90010",2629,81,21
"91722","1700+W+46TH+ST+Los+Angeles+CA+90062",2809,81,22
"91722","456+S+Mathews+St+Los+Angeles+CA+90033",1791,81,23
"91722","1921+S+Maple+Ave.+Los+Angeles+CA+90011",2125,81,25
"91722","725+S.+Indiana+St.+Los+Angeles+CA+90023",1592,81,26
"91722","152+N.+Vermont+Ave.+Los+Angeles+CA+90004",2472,81,27
"91722","144+E+118th+St+Los+Angeles+CA+90061",2873,81,28
"91722","1940+E+111TH+St.+LOS+ANGELES+CA+90059",2566,81,29
"91722","322+LUCAS+AVELOS+ANGELES+CA+90017",2270,81,30
"91722","322+LUCAS+AVELOS+ANGELES+CA+90017",2270,81,31
"91722","322+LUCAS+AVELOS+ANGELES+CA+90017",2270,81,32
"91722","322+LUCAS+AVELOS+ANGELES+CA+90017",2270,81,33
"90280","147+E.+107th+Street+Los+Angeles+CA+90003",1324,82,1
"90280","10915+S.+Mc+Kinley+Ave.+Los+Angeles+CA+90059",1163,82,2
"90280","405+E+122nd+St+Los+Angeles+Ca+90061",1106,82,3
"90280","330+E.+93rd+St+Los+Angeles+CA+90003",1120,82,4
"90280","1575+W+2nd.+ST+Los+Angeles+CA+90026",2159,82,5
"90280","1575+W+2nd.+ST+Los+Angeles+CA+90026",2159,82,24
"90280","4410+McKinley+Ave+Los+Angeles+CA+90011",1700,82,6
"90280","3500+S.+Hill+St.+Los+Angeles+CA+90007",1627,82,8
"90280","1515+E.+104th+St.+Los+Angeles+CA+90002",1021,82,9
"90280","234+E+112TH+ST+LOS+ANGELES+CA+90061",1220,82,10
"90280","2510+E.+Sixth+St.+Los+Angeles+CA+90023",1312,82,11
"90280","1319+E+41st+St.+Los+Angeles+Ca+90011",1477,82,12
"90280","1319+E+41st+St.+Los+Angeles+Ca+90011",1477,82,19
"90280","650+S.+Union+Ave.+Los+Angeles+CA+90017",2002,82,13
"90280","2265+E.+103rd+St+Los+Angeles+CA+90002",697,82,14
"90280","325+E+111th+St+Los+Angeles+CA+90061",1201,82,15
"90280","4131+S+Vermont+Ave+Los+Angeles+Ca+90037",1807,82,16
"90280","1650+E.+104th+St.+Los+Angeles+CA+90002",1005,82,17
"90280","1200+Plaza+del+Sol+Los+Angeles+CA+90033",1333,82,18
"90280","4505+S.+Raymond+Ave.+Los+Angeles+CA+90037",1826,82,20
"90280","3201+W.+8th+St.+Los+Angeles+CA+90010",2131,82,21
"90280","1700+W+46TH+ST+Los+Angeles+CA+90062",1847,82,22
"90280","456+S+Mathews+St+Los+Angeles+CA+90033",1291,82,23
"90280","1921+S+Maple+Ave.+Los+Angeles+CA+90011",1652,82,25
"90280","725+S.+Indiana+St.+Los+Angeles+CA+90023",960,82,26
"90280","152+N.+Vermont+Ave.+Los+Angeles+CA+90004",2249,82,27
"90280","144+E+118th+St+Los+Angeles+CA+90061",1288,82,28
"90280","1940+E+111TH+St.+LOS+ANGELES+CA+90059",826,82,29
"90280","322+LUCAS+AVELOS+ANGELES+CA+90017",1932,82,30
"90280","322+LUCAS+AVELOS+ANGELES+CA+90017",1932,82,31
"90280","322+LUCAS+AVELOS+ANGELES+CA+90017",1932,82,32
"90280","322+LUCAS+AVELOS+ANGELES+CA+90017",1932,82,33
"91505","147+E.+107th+Street+Los+Angeles+CA+90003",2503,6,1
"91505","10915+S.+Mc+Kinley+Ave.+Los+Angeles+CA+90059",2657,6,2
"91505","405+E+122nd+St+Los+Angeles+Ca+90061",2746,6,3
"91505","330+E.+93rd+St+Los+Angeles+CA+90003",2646,6,4
"91505","1575+W+2nd.+ST+Los+Angeles+CA+90026",1587,6,5
"91505","1575+W+2nd.+ST+Los+Angeles+CA+90026",1587,6,24
"91505","4410+McKinley+Ave+Los+Angeles+CA+90011",2278,6,6
"91505","3500+S.+Hill+St.+Los+Angeles+CA+90007",2073,6,8
"91505","1515+E.+104th+St.+Los+Angeles+CA+90002",2815,6,9
"91505","234+E+112TH+ST+LOS+ANGELES+CA+90061",2584,6,10
"91505","2510+E.+Sixth+St.+Los+Angeles+CA+90023",1662,6,11
"91505","1319+E+41st+St.+Los+Angeles+Ca+90011",2220,6,12
"91505","1319+E+41st+St.+Los+Angeles+Ca+90011",2220,6,19
"91505","650+S.+Union+Ave.+Los+Angeles+CA+90017",1779,6,13
"91505","2265+E.+103rd+St+Los+Angeles+CA+90002",2976,6,14
"91505","325+E+111th+St+Los+Angeles+CA+90061",2647,6,15
"91505","4131+S+Vermont+Ave+Los+Angeles+Ca+90037",2112,6,16
"91505","1650+E.+104th+St.+Los+Angeles+CA+90002",2826,6,17
"91505","1200+Plaza+del+Sol+Los+Angeles+CA+90033",1599,6,18
"91505","4505+S.+Raymond+Ave.+Los+Angeles+CA+90037",2286,6,20
"91505","3201+W.+8th+St.+Los+Angeles+CA+90010",1790,6,21
"91505","1700+W+46TH+ST+Los+Angeles+CA+90062",2380,6,22
"91505","456+S+Mathews+St+Los+Angeles+CA+90033",1618,6,23
"91505","1921+S+Maple+Ave.+Los+Angeles+CA+90011",2039,6,25
"91505","725+S.+Indiana+St.+Los+Angeles+CA+90023",1864,6,26
"91505","152+N.+Vermont+Ave.+Los+Angeles+CA+90004",1496,6,27
"91505","144+E+118th+St+Los+Angeles+CA+90061",2676,6,28
"91505","1940+E+111TH+St.+LOS+ANGELES+CA+90059",2791,6,29
"91505","322+LUCAS+AVELOS+ANGELES+CA+90017",1562,6,30
"91505","322+LUCAS+AVELOS+ANGELES+CA+90017",1562,6,31
"91505","322+LUCAS+AVELOS+ANGELES+CA+90017",1562,6,32
"91505","322+LUCAS+AVELOS+ANGELES+CA+90017",1562,6,33
"90022","147+E.+107th+Street+Los+Angeles+CA+90003",1842,7,1
"90022","10915+S.+Mc+Kinley+Ave.+Los+Angeles+CA+90059",1681,7,2
"90022","405+E+122nd+St+Los+Angeles+Ca+90061",1721,7,3
"90022","330+E.+93rd+St+Los+Angeles+CA+90003",1876,7,4
"90022","1575+W+2nd.+ST+Los+Angeles+CA+90026",1538,7,5
"90022","1575+W+2nd.+ST+Los+Angeles+CA+90026",1538,7,24
"90022","4410+McKinley+Ave+Los+Angeles+CA+90011",1424,7,6
"90022","3500+S.+Hill+St.+Los+Angeles+CA+90007",1357,7,8
"90022","1515+E.+104th+St.+Los+Angeles+CA+90002",1645,7,9
"90022","234+E+112TH+ST+LOS+ANGELES+CA+90061",1764,7,10
"90022","2510+E.+Sixth+St.+Los+Angeles+CA+90023",751,7,11
"90022","1319+E+41st+St.+Los+Angeles+Ca+90011",1245,7,12
"90022","1319+E+41st+St.+Los+Angeles+Ca+90011",1245,7,19
"90022","650+S.+Union+Ave.+Los+Angeles+CA+90017",1497,7,13
"90022","2265+E.+103rd+St+Los+Angeles+CA+90002",1673,7,14
"90022","325+E+111th+St+Los+Angeles+CA+90061",1729,7,15
"90022","4131+S+Vermont+Ave+Los+Angeles+Ca+90037",1597,7,16
"90022","1650+E.+104th+St.+Los+Angeles+CA+90002",1641,7,17
"90022","1200+Plaza+del+Sol+Los+Angeles+CA+90033",938,7,18
"90022","4505+S.+Raymond+Ave.+Los+Angeles+CA+90037",1720,7,20
"90022","3201+W.+8th+St.+Los+Angeles+CA+90010",1649,7,21
"90022","1700+W+46TH+ST+Los+Angeles+CA+90062",1838,7,22
"90022","456+S+Mathews+St+Los+Angeles+CA+90033",756,7,23
"90022","1921+S+Maple+Ave.+Los+Angeles+CA+90011",1133,7,25
"90022","725+S.+Indiana+St.+Los+Angeles+CA+90023",627,7,26
"90022","152+N.+Vermont+Ave.+Los+Angeles+CA+90004",1835,7,27
"90022","144+E+118th+St+Los+Angeles+CA+90061",1825,7,28
"90022","1940+E+111TH+St.+LOS+ANGELES+CA+90059",1519,7,29
"90022","322+LUCAS+AVELOS+ANGELES+CA+90017",1461,7,30
"90022","322+LUCAS+AVELOS+ANGELES+CA+90017",1461,7,31
"90022","322+LUCAS+AVELOS+ANGELES+CA+90017",1461,7,32
"90022","322+LUCAS+AVELOS+ANGELES+CA+90017",1461,7,33
"90007","147+E.+107th+Street+Los+Angeles+CA+90003",1053,142,1
"90007","10915+S.+Mc+Kinley+Ave.+Los+Angeles+CA+90059",1208,142,2
"90007","405+E+122nd+St+Los+Angeles+Ca+90061",1205,142,3
"90007","330+E.+93rd+St+Los+Angeles+CA+90003",1132,142,4
"90007","1575+W+2nd.+ST+Los+Angeles+CA+90026",803,142,5
"90007","1575+W+2nd.+ST+Los+Angeles+CA+90026",803,142,24
"90007","4410+McKinley+Ave+Los+Angeles+CA+90011",786,142,6
"90007","3500+S.+Hill+St.+Los+Angeles+CA+90007",396,142,8
"90007","1515+E.+104th+St.+Los+Angeles+CA+90002",1340,142,9
"90007","234+E+112TH+ST+LOS+ANGELES+CA+90061",1061,142,10
"90007","2510+E.+Sixth+St.+Los+Angeles+CA+90023",817,142,11
"90007","1319+E+41st+St.+Los+Angeles+Ca+90011",811,142,12
"90007","1319+E+41st+St.+Los+Angeles+Ca+90011",811,142,19
"90007","650+S.+Union+Ave.+Los+Angeles+CA+90017",588,142,13
"90007","2265+E.+103rd+St+Los+Angeles+CA+90002",1492,142,14
"90007","325+E+111th+St+Los+Angeles+CA+90061",1119,142,15
"90007","4131+S+Vermont+Ave+Los+Angeles+Ca+90037",535,142,16
"90007","1650+E.+104th+St.+Los+Angeles+CA+90002",1324,142,17
"90007","1200+Plaza+del+Sol+Los+Angeles+CA+90033",913,142,18
"90007","4505+S.+Raymond+Ave.+Los+Angeles+CA+90037",700,142,20
"90007","3201+W.+8th+St.+Los+Angeles+CA+90010",708,142,21
"90007","1700+W+46TH+ST+Los+Angeles+CA+90062",810,142,22
"90007","456+S+Mathews+St+Los+Angeles+CA+90033",832,142,23
"90007","1921+S+Maple+Ave.+Los+Angeles+CA+90011",455,142,25
"90007","725+S.+Indiana+St.+Los+Angeles+CA+90023",912,142,26
"90007","152+N.+Vermont+Ave.+Los+Angeles+CA+90004",962,142,27
"90007","144+E+118th+St+Los+Angeles+CA+90061",1202,142,28
"90007","1940+E+111TH+St.+LOS+ANGELES+CA+90059",1284,142,29
"90007","322+LUCAS+AVELOS+ANGELES+CA+90017",762,142,30
"90007","322+LUCAS+AVELOS+ANGELES+CA+90017",762,142,31
"90007","322+LUCAS+AVELOS+ANGELES+CA+90017",762,142,32
"90007","322+LUCAS+AVELOS+ANGELES+CA+90017",762,142,33
"91776","147+E.+107th+Street+Los+Angeles+CA+90003",2145,84,1
"91776","10915+S.+Mc+Kinley+Ave.+Los+Angeles+CA+90059",2032,84,2
"91776","405+E+122nd+St+Los+Angeles+Ca+90061",2032,84,3
"91776","330+E.+93rd+St+Los+Angeles+CA+90003",2220,84,4
"91776","1575+W+2nd.+ST+Los+Angeles+CA+90026",1674,84,5
"91776","1575+W+2nd.+ST+Los+Angeles+CA+90026",1674,84,24
"91776","4410+McKinley+Ave+Los+Angeles+CA+90011",1795,84,6
"91776","3500+S.+Hill+St.+Los+Angeles+CA+90007",1771,84,8
"91776","1515+E.+104th+St.+Los+Angeles+CA+90002",1994,84,9
"91776","234+E+112TH+ST+LOS+ANGELES+CA+90061",2067,84,10
"91776","2510+E.+Sixth+St.+Los+Angeles+CA+90023",1058,84,11
"91776","1319+E+41st+St.+Los+Angeles+Ca+90011",1626,84,12
"91776","1319+E+41st+St.+Los+Angeles+Ca+90011",1626,84,19
"91776","650+S.+Union+Ave.+Los+Angeles+CA+90017",1655,84,13
"91776","2265+E.+103rd+St+Los+Angeles+CA+90002",1940,84,14
"91776","325+E+111th+St+Los+Angeles+CA+90061",2034,84,15
"91776","4131+S+Vermont+Ave+Los+Angeles+Ca+90037",1955,84,16
"91776","1650+E.+104th+St.+Los+Angeles+CA+90002",1963,84,17
"91776","1200+Plaza+del+Sol+Los+Angeles+CA+90033",983,84,18
"91776","4505+S.+Raymond+Ave.+Los+Angeles+CA+90037",2091,84,20
"91776","3201+W.+8th+St.+Los+Angeles+CA+90010",1926,84,21
"91776","1700+W+46TH+ST+Los+Angeles+CA+90062",2265,84,22
"91776","456+S+Mathews+St+Los+Angeles+CA+90033",1030,84,23
"91776","1921+S+Maple+Ave.+Los+Angeles+CA+90011",1521,84,25
"91776","725+S.+Indiana+St.+Los+Angeles+CA+90023",933,84,26
"91776","152+N.+Vermont+Ave.+Los+Angeles+CA+90004",1806,84,27
"91776","144+E+118th+St+Los+Angeles+CA+90061",2156,84,28
"91776","1940+E+111TH+St.+LOS+ANGELES+CA+90059",1826,84,29
"91776","322+LUCAS+AVELOS+ANGELES+CA+90017",1632,84,30
"91776","322+LUCAS+AVELOS+ANGELES+CA+90017",1632,84,31
"91776","322+LUCAS+AVELOS+ANGELES+CA+90017",1632,84,32
"91776","322+LUCAS+AVELOS+ANGELES+CA+90017",1632,84,33
"91762","147+E.+107th+Street+Los+Angeles+CA+90003",3598,87,1
"91762","10915+S.+Mc+Kinley+Ave.+Los+Angeles+CA+90059",3523,87,2
"91762","405+E+122nd+St+Los+Angeles+Ca+90061",3523,87,3
"91762","330+E.+93rd+St+Los+Angeles+CA+90003",3758,87,4
"91762","1575+W+2nd.+ST+Los+Angeles+CA+90026",3104,87,5
"91762","1575+W+2nd.+ST+Los+Angeles+CA+90026",3104,87,24
"91762","4410+McKinley+Ave+Los+Angeles+CA+90011",3260,87,6
"91762","3500+S.+Hill+St.+Los+Angeles+CA+90007",3154,87,8
"91762","1515+E.+104th+St.+Los+Angeles+CA+90002",3475,87,9
"91762","234+E+112TH+ST+LOS+ANGELES+CA+90061",3502,87,10
"91762","2510+E.+Sixth+St.+Los+Angeles+CA+90023",2650,87,11
"91762","1319+E+41st+St.+Los+Angeles+Ca+90011",3062,87,12
"91762","1319+E+41st+St.+Los+Angeles+Ca+90011",3062,87,19
"91762","650+S.+Union+Ave.+Los+Angeles+CA+90017",3056,87,13
"91762","2265+E.+103rd+St+Los+Angeles+CA+90002",3562,87,14
"91762","325+E+111th+St+Los+Angeles+CA+90061",3543,87,15
"91762","4131+S+Vermont+Ave+Los+Angeles+Ca+90037",3440,87,16
"91762","1650+E.+104th+St.+Los+Angeles+CA+90002",3484,87,17
"91762","1200+Plaza+del+Sol+Los+Angeles+CA+90033",2487,87,18
"91762","4505+S.+Raymond+Ave.+Los+Angeles+CA+90037",3572,87,20
"91762","3201+W.+8th+St.+Los+Angeles+CA+90010",3389,87,21
"91762","1700+W+46TH+ST+Los+Angeles+CA+90062",3727,87,22
"91762","456+S+Mathews+St+Los+Angeles+CA+90033",2578,87,23
"91762","1921+S+Maple+Ave.+Los+Angeles+CA+90011",2943,87,25
"91762","725+S.+Indiana+St.+Los+Angeles+CA+90023",2514,87,26
"91762","152+N.+Vermont+Ave.+Los+Angeles+CA+90004",3247,87,27
"91762","144+E+118th+St+Los+Angeles+CA+90061",3630,87,28
"91762","1940+E+111TH+St.+LOS+ANGELES+CA+90059",3331,87,29
"91762","322+LUCAS+AVELOS+ANGELES+CA+90017",3053,87,30
"91762","322+LUCAS+AVELOS+ANGELES+CA+90017",3053,87,31
"91762","322+LUCAS+AVELOS+ANGELES+CA+90017",3053,87,32
"91762","322+LUCAS+AVELOS+ANGELES+CA+90017",3053,87,33
