acm_id,Date Submitted,City,State/Region,Full name:,"If applicable, preferred name(s):Â ",What is your date of birth?,"City Year Site:What site will you serve with, and did you attend a City Year school at that site? (choose from the list of schools)","School:What site will you serve with, and did you attend a City Year school at that site? (choose from the list of schools)",What gender do you identify with?,African American/Black:What is your race/ethnicity (choose all that apply),American Indian/Alaskan Native:What is your race/ethnicity (choose all that apply),Asian:What is your race/ethnicity (choose all that apply),Hispanic/Latino:What is your race/ethnicity (choose all that apply),Middle Eastern:What is your race/ethnicity (choose all that apply),Native Hawaiian or Pacific Islander:What is your race/ethnicity (choose all that apply),White/Caucasian:What is your race/ethnicity (choose all that apply),Other - Write In:What is your race/ethnicity (choose all that apply),What is the highest level of education you have achieved?,Other - Write In:What is the highest level of education you have achieved?,Are you able to tutor and mentor students while speaking a language other than English?,Arabic:Other language ,Cape Verdean Creole :Other language ,Chinese (Cantonese):Other language ,Chinese (Mandarin):Other language ,Haitian Creole:Other language ,French:Other language ,Nepali:Other language ,Polish:Other language ,Spanish:Other language ,Swahili:Other language ,Urdu:Other language ,Vietnamese:Other language ,Other - Write In (Required):Other language ,Do you have teaching or tutoring experience?,Months Teaching,Elementary school (K-5):What grade level(s) have you worked with in the past? Please select all that apply.,Middle school (6-8):What grade level(s) have you worked with in the past? Please select all that apply.,High school (9-12):What grade level(s) have you worked with in the past? Please select all that apply.,Do you have a teaching credential?,Elementary school:Which grade levels would you prefer to work with?,Middle school:Which grade levels would you prefer to work with?,High school:Which grade levels would you prefer to work with?,Would you prefer to support with ELA/literacy or math?,Please indicate the highest level of math in which you are confident in your skills.,Do you know where you will be living during the 2017-2018 school year?,Street address Line 1:SYAddress,Street address line 2:SYAddress,City:SYAddress,State:SYAddress,Zip:SYAddress,Will you be living with other City Year AmeriCorps members during the school year?:SYAddress,Roommate.Names1,Roommate.Names2,Roommate.Names3,Roommate.Names4,How will you travel to your school site?,Manual.Placement
1,,,,Monica Welch,,10/9/1996,Chicago,Kozminski Elementary Community Academy,Female,,,,,,,White/Caucasian,,Associate's Degree,,No,,,,,,,,,,,,,,Yes,5,,Middle School,High School,No,Elementary School,Middle School,High School,ELA,Algebra I,Yes,6560 S Stony Island Ave,Chicago,IL,60637,,Yes,Antoinette Mcneal,Ramalaan el-Lone,NA,NA,Driving,
2,,,,Antoinette Mcneal,,11/7/1996,Chicago,Myra Bradwell School of Excellence,Female,,,,,,,White/Caucasian,,Bachelor's Degree,,No,,,,,,,,,,,,,,No,,,,,,Elementary School,,High School,ELA,Pre-algebra or lower,No,7900 S Martin Luther King Dr,Chicago,IL,60619,,Yes,Monica Welch,Ramalaan el-Lone,NA,NA,Driving,
3,,,,Ramalaan el-Lone,,8/23/1992,Chicago,I did not attend a City Year school,Gender Nonconforming (GNC),,,,,,,White/Caucasian,,Some College,Alice. It looked.,Yes,,,,,,,,,,,,,,Yes,5,,,High School,No,,Middle School,High School,Math,Algebra II,No,5200 S Lake Park Ave,Chicago,IL,60615,,No,NA,NA,NA,NA,Driving,
4,,,,Jerika Hines,,2/2/1993,Chicago,Curtis School of Excellence,Male,,,,,,,White/Caucasian,,Some College,,No,,,,,,,,,,,,,,No,,,,,,,Middle School,High School,Either/No Preference,Algebra I,No,70 E Garfield Blvd,Chicago,IL,60615,,Yes,Brenda Leyva,NA,NA,NA,Public Transportation,
5,,,,Kanani Tran,,7/29/1996,Chicago,I did not attend a City Year school,Male,African American/Black,,,,,,,,Bachelor's Degree,And he got up and.,No,,,,,,,,,,,,,,Yes,1,Elementary School,Middle School,,No,,,High School,Either/No Preference,Algebra II,No,6560 S Stony Island Ave,Chicago,IL,60637,,Yes,Pauline Tandon,NA,NA,NA,Driving,
6,,,,Michelle Trang,,2/6/1993,Chicago,I did not attend a City Year school,Female,African American/Black,,,,,,,,Bachelor's Degree,,No,,,,,,,,,,,,,,No,,,,,,,,,ELA,Algebra II,No,7900 S Martin Luther King Dr,Chicago,IL,60619,,No,NA,NA,NA,NA,Driving,
7,,,,Brenda Leyva,,11/24/1991,Chicago,I did not attend a City Year school,Female,,,,,,,White/Caucasian,,Bachelor's Degree,,No,,,,,,,,,,,,,,Yes,1,,,,Yes,Elementary School,,,Math,Algebra II,Yes,5200 S Lake Park Ave,Chicago,IL,60615,,No,NA,NA,NA,NA,Bicycling,
8,,,,Olivet Taylor,,8/9/1993,Chicago,I did not attend a City Year school,Transgender Female,,,,,,,White/Caucasian,,Associate's Degree,But her sister kissed.,No,,,,,,,,,,,,,,Yes,3,,Middle School,,No,,,High School,ELA,Algebra I,No,70 E Garfield Blvd,Chicago,IL,60615,,No,NA,NA,NA,NA,Driving,
9,,,,Ashlyn Tolstykh,,9/13/1992,Chicago,I did not attend a City Year school,Female,African American/Black,,,Hispanic/Latino,,,,,Bachelor's Degree,,No,,,,,,,,,,,,,,Yes,1,Elementary School,Middle School,,No,Elementary School,Middle School,,ELA,Algebra II,Yes,,,,,,No,NA,NA,NA,NA,Driving,
10,,,,Spring Pena,,2/6/1994,Chicago,I did not attend a City Year school,Female,African American/Black,,,,,,,,Bachelor's Degree,,No,,,,,,,,,,,,,,No,,,,,,Elementary School,Middle School,High School,ELA,Trigonometry,Yes,,,,,,No,NA,NA,NA,NA,Public Transportation,
11,,,,Luis Ruedas,,10/25/1993,Chicago,I did not attend a City Year school,Male,African American/Black,,,,,,White/Caucasian,,Some College,,No,,,,,,,,,,,,,,Yes,9,Elementary School,,High School,No,Elementary School,Middle School,High School,Math,Trigonometry,Yes,,,,,,No,NA,NA,NA,NA,Driving,
12,,,,Ana Jones,,8/8/1994,Chicago,I did not attend a City Year school,Transgender Female,,,,,,,White/Caucasian,,Bachelor's Degree,,No,,,,,,,,,,,,,,Yes,5,,Middle School,,No,Elementary School,Middle School,High School,ELA,Trigonometry,No,,,,,,No,NA,NA,NA,NA,Public Transportation,
13,,,,Letisha Rodriguez,,12/31/1992,Chicago,Myra Bradwell School of Excellence,Male,,,,,,,White/Caucasian,,High School/GED,,No,,,,,,,,,,,,,,No,,,,,,Elementary School,Middle School,,ELA,Algebra I,No,,,,,,No,NA,NA,NA,NA,Bicycling,
14,,,,Tyler Lowry,,2/8/1996,Chicago,I did not attend a City Year school,Female,African American/Black,,,,,,,,Bachelor's Degree,,No,,,,,,,,,,,,,,Yes,3,,Middle School,High School,No,Elementary School,,,ELA,Calculus or higher,No,,,,,,No,NA,NA,NA,NA,Public Transportation,
15,,,,Deljerro Rieb,,6/4/1994,Chicago,I did not attend a City Year school,Gender Nonconforming (GNC),African American/Black,,,,,,,,High School/GED,,No,,,,,,,,,,,,,,No,,,,,,Elementary School,,High School,Math,Calculus or higher,Yes,,,,,,No,NA,NA,NA,NA,Public Transportation,
16,,,,Julie Bui,,7/27/1995,Chicago,Myra Bradwell School of Excellence,Male,African American/Black,,,,,,,,High School/GED,,No,,,,,,,,,,,,,,No,,,,,,,,,ELA,Algebra II,No,,,,,,No,NA,NA,NA,NA,Public Transportation,
17,,,,Rif'a al-Aziz,,10/15/1995,Chicago,The Sherman School of Excellence,Female,,,,,,,White/Caucasian,,Some College,,Yes,,,,,,,,,,,,,,No,,,,,,,Middle School,High School,Math,Calculus or higher,Yes,,,,,,No,NA,NA,NA,NA,Driving,
18,,,,Luis Trujillo,,12/13/1996,Chicago,I did not attend a City Year school,Female,,,,,,,White/Caucasian,,High School/GED,,No,,,,,,,,,,,,,,Yes,3,,Middle School,,No,Elementary School,Middle School,,ELA,Trigonometry,Yes,,,,,,No,NA,NA,NA,NA,Driving,
19,,,,Morgan Marshall,,2/11/1996,Chicago,I did not attend a City Year school,Gender Nonconforming (GNC),African American/Black,,,,,,,,Bachelor's Degree,,No,,,,,,,,,,,,,,Yes,4,,,,No,,,High School,Either/No Preference,Algebra I,No,,,,,,No,NA,NA,NA,NA,Driving,
20,,,,Haifaaa al-Hoda,,11/11/1996,Chicago,I did not attend a City Year school,Male,,,,,,,White/Caucasian,,Some College,,Yes,,CapeVerdeanCreole,,,Haitian Creole,,,,,,,,,No,,,,,,,,High School,ELA,Calculus or higher,Yes,,,,,,No,NA,NA,NA,NA,Public Transportation,
21,,,,Pauline Tandon,,8/30/1995,Chicago,Kelvyn Park High School,Female,African American/Black,,,,,,White/Caucasian,,High School/GED,,No,,,,,,,,,,,,,,Yes,3,,,,No,,Middle School,High School,Math,Pre-algebra or lower,Yes,,,,,,No,NA,NA,NA,NA,Public Transportation,
22,,,,Haajid al-Sadri,,3/30/1996,Chicago,I did not attend a City Year school,Male,,,,,,,White/Caucasian,,Bachelor's Degree,,Yes,,,,,,,,,Spanish,,,,,Yes,8,Elementary School,Middle School,,No,,Middle School,High School,ELA,Algebra I,No,,,,,,No,NA,NA,NA,NA,Public Transportation,
23,,,,Rabdaa el-Masood,,5/25/1991,Chicago,Wendell Phillips Academy,Female,African American/Black,,,,,,,,Bachelor's Degree,,Yes,,,,,,,,,Spanish,,,,,No,,,,,,,,,Math,Pre-algebra or lower,No,,,,,,No,NA,NA,NA,NA,Driving,
24,,,,Alyssa Matlock,,2/18/1991,Chicago,Nicholson STEM Academy,Transgender Male,,,Asian,,,,,,Bachelor's Degree,,No,,,,,,,,,,,,,,Yes,8,,Middle School,High School,No,,,,Math,Algebra II,No,,,,,,Yes,Julie Bui,NA,NA,NA,Public Transportation,
25,,,,Jacob Honore,,8/30/1992,Chicago,I did not attend a City Year school,Female,African American/Black,,,,,,,,Bachelor's Degree,,No,,,,,,,,,,,,,,No,,,,,,,Middle School,,Either/No Preference,Pre-algebra or lower,Yes,,,,,,Yes,Rif'a al-Aziz,NA,NA,NA,Public Transportation,
26,,,,Anisa Drummond,,8/31/1996,Chicago,I did not attend a City Year school,Female,African American/Black,,,,,,,,Some College,,No,,,,,,,,,,,,,,Yes,5,,,,No,Elementary School,Middle School,,ELA,Pre-algebra or lower,No,,,,,,Yes,Luis Trujillo,NA,NA,NA,Driving,
27,,,,Christian Kills In Sight,,3/3/1993,Chicago,I did not attend a City Year school,Male,,,,,,,White/Caucasian,,Bachelor's Degree,,No,,,,,,,,,,,,,,Yes,7,Elementary School,,,No,Elementary School,Middle School,,ELA,Trigonometry,Yes,,,,,,Yes,Morgan Marshall,NA,NA,NA,Public Transportation,
28,,,,Fikriyya al-Iman,,8/9/1994,Chicago,Kelvyn Park High School,Female,,,,,,,White/Caucasian,,Bachelor's Degree,,Yes,,,,,,,,,,,,,,No,,,,,,Elementary School,,High School,ELA,Algebra I,No,,,,,,Yes,Haifaaa al-Hoda,NA,NA,NA,Public Transportation,
29,,,,Gabriel Kelly,,7/15/1995,Chicago,I did not attend a City Year school,Female,African American/Black,,,,,,,,Associate's Degree,,No,,,,,,,,,,,,,,Yes,2,,,,No,,,High School,ELA,Pre-algebra or lower,No,,,,,,Yes,Pauline Tandon,NA,NA,NA,Public Transportation,
30,,,,Pan Gao,,10/9/1995,Chicago,Dulles School of Excellence,Female,,,,,,,White/Caucasian,,Master's Desgree,,No,,,,,,,,,,,,,,Yes,9,,Middle School,,No,Elementary School,,,ELA,Pre-algebra or lower,Yes,,,,,,No,NA,NA,NA,NA,Public Transportation,
31,,,,Dezjanay Jelani,,5/9/1991,Chicago,I did not attend a City Year school,Gender Nonconforming (GNC),African American/Black,,,,,,,,Bachelor's Degree,,No,,,,,,,,,,,,,,Yes,4,Elementary School,,High School,No,Elementary School,,High School,Math,Calculus or higher,Yes,,,,,,No,NA,NA,NA,NA,Public Transportation,
32,,,,Jayde Folsom,,5/29/1992,Chicago,Charles S Deneen School of Excellence,Male,,,,,,,White/Caucasian,,Bachelor's Degree,,No,,,,,,,,,,,,,,No,,,,,,,Middle School,High School,ELA,Pre-algebra or lower,No,,,,,,No,NA,NA,NA,NA,Public Transportation,
33,,,,Carroll Al Amin,,6/29/1992,Chicago,I did not attend a City Year school,Female,,,,,,,White/Caucasian,,Master's Desgree,,No,,,,,,,,,,,,,,No,,,,,,Elementary School,Middle School,High School,Math,Trigonometry,Yes,,,,,,No,NA,NA,NA,NA,Public Transportation,
34,,,,Normajeanne Mitchell,,8/15/1995,Chicago,I did not attend a City Year school,Male,,,,,,,White/Caucasian,,Some College,,No,,,,,,,,,,,,,,Yes,1,,Middle School,,No,,Middle School,High School,Math,Pre-algebra or lower,Yes,,,,,,No,NA,NA,NA,NA,Public Transportation,
35,,,,Darrick May,,6/25/1995,Chicago,I did not attend a City Year school,Male,,,Asian,,,,,,Bachelor's Degree,,No,,,,,,,,,,,,,,Yes,6,Elementary School,Middle School,,No,,Middle School,,Either/No Preference,Trigonometry,No,,,,,,No,NA,NA,NA,NA,Driving,
36,,,,Tsenguunaa Myers,,9/30/1996,Chicago,Curtis School of Excellence,Female,,,,,,,White/Caucasian,,Bachelor's Degree,,No,,,,,,,,,,,,,,Yes,2,,Middle School,,No,,,High School,ELA,Algebra II,Yes,,,,,,No,NA,NA,NA,NA,Public Transportation,
37,,,,Shuaib al-Abdelrahman,,12/24/1995,Chicago,I did not attend a City Year school,Male,African American/Black,,,,,,White/Caucasian,,High School/GED,,Yes,,,,,,,,,,,,,,No,,,,,,,Middle School,High School,Math,Algebra I,No,,,,,,No,NA,NA,NA,NA,Public Transportation,
38,,,,William Stechert,,6/27/1994,Chicago,I did not attend a City Year school,Male,,,,,,,White/Caucasian,,Bachelor's Degree,,No,,,,,,,,,,,,,,No,,,,,,,,High School,ELA,Calculus or higher,No,,,,,,No,NA,NA,NA,NA,Public Transportation,
39,,,,Erin Carter,,9/8/1994,Chicago,Kelvyn Park High School,Female,African American/Black,,,Hispanic/Latino,,,,,High School/GED,,No,,,,,,,,,,,,,,No,,,,,,,,,Math,Calculus or higher,Yes,,,,,,No,NA,NA,NA,NA,Bicycling,
40,,,,Kyanna Randell,,12/3/1992,Chicago,I did not attend a City Year school,Female,,,,,,,White/Caucasian,,Some College,,No,,,,,,,,,,,,,,Yes,9,,,High School,No,Elementary School,Middle School,,Either/No Preference,Trigonometry,Yes,,,,,,No,NA,NA,NA,NA,Public Transportation,
41,,,,Archibald Biggs,,9/20/1996,Chicago,I did not attend a City Year school,Female,African American/Black,,,,,,,,High School/GED,,No,,,,,,,,,,,,,,No,,,,,,,,,Math,Trigonometry,No,,,,,,No,NA,NA,NA,NA,Driving,
42,,,,Jordan Watson,,5/7/1995,Chicago,I did not attend a City Year school,Female,,,,,,,White/Caucasian,,High School/GED,,No,,,,,,,,,,,,,,Yes,3,,,,No,,Middle School,High School,ELA,Algebra II,No,,,,,,No,NA,NA,NA,NA,Public Transportation,
43,,,,Conner Halaseh,,1/18/1991,Chicago,I did not attend a City Year school,Female,,,,,,,White/Caucasian,,Some College,,No,,,,,,,,,,,,,,Yes,1,,,,No,Elementary School,Middle School,,Either/No Preference,Pre-algebra or lower,No,,,,,,No,NA,NA,NA,NA,Public Transportation,
44,,,,Lutfiyya al-Salem,,1/1/1995,Chicago,Sullivan High School,Transgender Female,,,,,,,White/Caucasian,,Bachelor's Degree,,Yes,,,,,,,,,,,,,,Yes,2,,Middle School,High School,No,Elementary School,Middle School,High School,ELA,Calculus or higher,Yes,,,,,,No,NA,NA,NA,NA,Public Transportation,
45,,,,Arick Elsborg,,7/18/1994,Chicago,I did not attend a City Year school,Female,African American/Black,,,,,,,,Bachelor's Degree,,No,,,,,,,,,,,,,,Yes,5,,Middle School,,No,Elementary School,,High School,Math,Calculus or higher,No,,,,,,No,NA,NA,NA,NA,Public Transportation,
46,,,,Karen Nguyen,,11/19/1993,Chicago,O'Keeffe School of Excellence,Male,,,,,,,White/Caucasian,,Bachelor's Degree,,No,,,,,,,,,,,,,,No,,,,,,,,High School,Math,Calculus or higher,Yes,,,,,,No,NA,NA,NA,NA,Driving,
47,,,,Deborah Black Jr,,11/1/1993,Chicago,John Hope College Prepatory High School,Female,,,,,,,White/Caucasian,,Some College,,No,,,,,,,,,,,,,,Yes,5,,,,No,,Middle School,,ELA,Algebra II,Yes,,,,,,No,NA,NA,NA,NA,Public Transportation,
48,,,,Tammy Nguyen,,2/24/1991,Chicago,I did not attend a City Year school,Gender Nonconforming (GNC),African American/Black,,,Hispanic/Latino,,,,,High School/GED,,No,,,,,,,,,,,,,,Yes,3,,Middle School,,No,Elementary School,,,Either/No Preference,Algebra II,Yes,,,,,,No,NA,NA,NA,NA,Public Transportation,
49,,,,Mackenzie Holiday,,12/13/1991,Chicago,Sullivan High School,Male,African American/Black,,,,,,,,Associate's Degree,,No,,,,,,,,,,,,,,Yes,5,Elementary School,Middle School,High School,No,,Middle School,High School,ELA,Algebra I,No,,,,,,No,NA,NA,NA,NA,Public Transportation,
50,,,,Nicole Eggleston,,1/5/1995,Chicago,I did not attend a City Year school,Transgender Female,African American/Black,,,,,,,,Master's Desgree,,No,,,,,,,,,,,,,,Yes,11,,,,No,,Middle School,,Math,Algebra II,No,,,,,,No,NA,NA,NA,NA,Driving,
51,,,,Adrian Romero,,9/22/1992,Chicago,I did not attend a City Year school,Female,,,,Hispanic/Latino,,,,,Associate's Degree,,No,,,,,,,,,,,,,,Yes,3,Elementary School,,,No,Elementary School,,,Math,Pre-algebra or lower,No,,,,,,No,NA,NA,NA,NA,Driving,
52,,,,Joseph Naranjo,,1/19/1994,Chicago,I did not attend a City Year school,Female,African American/Black,,,,,,,,High School/GED,,No,,,,,,,,,,,,,,No,,,,,,Elementary School,,,ELA,Algebra II,Yes,,,,,,No,NA,NA,NA,NA,Public Transportation,
53,,,,Quinten Lohrenz,,7/27/1994,Chicago,I did not attend a City Year school,Gender Nonconforming (GNC),,,,,,,White/Caucasian,,Bachelor's Degree,,No,,,,,,,,,,,,,,No,,,,,,Elementary School,Middle School,,ELA,Calculus or higher,No,,,,,,No,NA,NA,NA,NA,Public Transportation,
54,,,,Chelsea Wilson,,10/1/1994,Chicago,I did not attend a City Year school,Female,,,Asian,,,,,,High School/GED,,No,,,,,,,,,,,,,,No,,,,,,Elementary School,Middle School,High School,Either/No Preference,Calculus or higher,Yes,,,,,,No,NA,NA,NA,NA,Public Transportation,
55,,,,Nalajuan Reid,,4/28/1996,Chicago,I did not attend a City Year school,Gender Nonconforming (GNC),,,,,,,White/Caucasian,,Some College,,No,,,,,,,,,,,,,,Yes,1,,,High School,No,Elementary School,Middle School,High School,ELA,Algebra II,No,,,,,,No,NA,NA,NA,NA,Public Transportation,
56,,,,Angela Rippy,,4/14/1995,Chicago,I did not attend a City Year school,Female,,,,,,,White/Caucasian,,Some College,,No,,,,,,,,,,,,,,No,,,,,,,,High School,Either/No Preference,Trigonometry,Yes,,,,,,No,NA,NA,NA,NA,Driving,
57,,,,Tuyet Than,,8/6/1994,Chicago,I did not attend a City Year school,Female,,,,Hispanic/Latino,,,,,Bachelor's Degree,,No,,,,,,,,,,,,,,Yes,1,,Middle School,,No,,,,Math,Algebra II,Yes,,,,,,No,NA,NA,NA,NA,Public Transportation,
58,,,,Jareer el-Jalali,,6/13/1994,Chicago,I did not attend a City Year school,Gender Nonconforming (GNC),African American/Black,,,,,,,,Some College,,Yes,,,,,,,,,,,,,,Yes,10,Elementary School,,,Yes,Elementary School,,High School,ELA,Algebra I,Yes,,,,,,No,NA,NA,NA,NA,Driving,
59,,,,Zuhair el-Aslam,,6/16/1995,Chicago,I did not attend a City Year school,Gender Nonconforming (GNC),,,Asian,,,,,,Some College,,Yes,,,,,,,,,,,,,,No,,,,,,Elementary School,,High School,Either/No Preference,Algebra I,No,,,,,,No,NA,NA,NA,NA,Driving,
60,,,,Gabrielle Rogers,,8/11/1995,Chicago,I did not attend a City Year school,Female,African American/Black,,,Hispanic/Latino,,,,,Bachelor's Degree,,No,,,,,,,,,,,,,,No,,,,,,Elementary School,Middle School,High School,Math,Calculus or higher,No,,,,,,No,NA,NA,NA,NA,Public Transportation,
61,,,,Samantha Mcclanahan-Saenz,,1/22/1992,Chicago,I did not attend a City Year school,Gender Nonconforming (GNC),,,,,,,White/Caucasian,,Bachelor's Degree,,No,,,,,,,,,,,,,,No,,,,,,,Middle School,,Math,Calculus or higher,No,,,,,,No,NA,NA,NA,NA,Public Transportation,
62,,,,Glenna Harada Kuloloia,,4/27/1994,Chicago,The Sherman School of Excellence,Male,,,Asian,,,,,,High School/GED,,No,,,,,,,,,,,,,,Yes,3,,,,No,Elementary School,Middle School,,ELA,Algebra II,Yes,,,,,,No,NA,NA,NA,NA,Public Transportation,
63,,,,Ivy Gonzales,,12/19/1992,Chicago,I did not attend a City Year school,Male,,,,,,,White/Caucasian,,Bachelor's Degree,,No,,,,,,,,,,,,,,Yes,2,Elementary School,,High School,No,Elementary School,Middle School,,Math,Calculus or higher,Yes,,,,,,No,NA,NA,NA,NA,Public Transportation,
64,,,,Daylamae Cagle,,6/25/1995,Chicago,I did not attend a City Year school,Male,,,,,,,White/Caucasian,,Bachelor's Degree,,No,,,,,,,,,,,,,,Yes,6,,,High School,No,,Middle School,,Either/No Preference,Calculus or higher,Yes,,,,,,No,NA,NA,NA,NA,Public Transportation,
65,,,,Juwairiya al-Shehata,,11/26/1993,Chicago,Dvorak School of Excellence,Female,,,Asian,,,,,,High School/GED,,Yes,,,,,,,,,,,,,,Yes,2,,,,No,,Middle School,,ELA,Pre-algebra or lower,No,,,,,,No,NA,NA,NA,NA,Driving,
66,,,,Isaac Weldemariam,,1/22/1991,Chicago,I did not attend a City Year school,Male,African American/Black,,,,,,,,High School/GED,,No,,,,,,,,,,,,,,No,,,,,,Elementary School,,High School,ELA,Algebra I,No,,,,,,No,NA,NA,NA,NA,Public Transportation,
67,,,,Warren Martin,,5/4/1994,Chicago,I did not attend a City Year school,Male,African American/Black,,,,,,,,High School/GED,,No,,,,,,,,,,,,,,Yes,6,Elementary School,,,No,Elementary School,,,Math,Pre-algebra or lower,Yes,,,,,,No,NA,NA,NA,NA,Public Transportation,
68,,,,Joanne Malazada,,11/2/1995,Chicago,Curtis School of Excellence,Female,,,,,,,White/Caucasian,,Associate's Degree,,No,,,,,,,,,,,,,,Yes,4,,Middle School,,Yes,Elementary School,,High School,ELA,Algebra I,Yes,,,,,,No,NA,NA,NA,NA,Public Transportation,
69,,,,Sham'a el-Daoud,,3/18/1995,Chicago,I did not attend a City Year school,Transgender Male,African American/Black,,,,,,,,High School/GED,,Yes,,,,,,,,,Spanish,,,,,Yes,1,Elementary School,,,No,Elementary School,,,Math,Algebra I,Yes,,,,,,No,NA,NA,NA,NA,Public Transportation,
70,,,,Sayan Islam,,11/2/1993,Chicago,I did not attend a City Year school,Transgender Female,African American/Black,,,,,,,,Some College,,No,,,,,,,,,,,,,,No,,,,,,,,,ELA,Algebra II,No,,,,,,No,NA,NA,NA,NA,Public Transportation,
71,,,,Eric Rodriguez,,7/23/1993,Chicago,I did not attend a City Year school,Female,,,,,,,White/Caucasian,,Bachelor's Degree,,No,,,,,,,,,,,,,,Yes,7,Elementary School,,,No,Elementary School,,,ELA,Trigonometry,No,,,,,,No,NA,NA,NA,NA,Public Transportation,
72,,,,Shaakir al-Azimi,,4/24/1996,Chicago,I did not attend a City Year school,Female,,,,Hispanic/Latino,,,,,High School/GED,,Yes,,,,,,,,,,,,,,Yes,3,,,,No,Elementary School,,,ELA,Algebra II,Yes,,,,,,No,NA,NA,NA,NA,Driving,
73,,,,Lutfi al-Raad,,9/2/1995,Chicago,I did not attend a City Year school,Male,African American/Black,,,,,,,,High School/GED,,Yes,,,,,,,,,,,,,,Yes,6,Elementary School,Middle School,,No,Elementary School,Middle School,,ELA,Algebra I,No,,,,,,No,NA,NA,NA,NA,Public Transportation,
74,,,,Dinay Hasan-Watson,,1/13/1991,Chicago,I did not attend a City Year school,Female,,,,,,,White/Caucasian,,Bachelor's Degree,,No,,,,,,,,,,,,,,Yes,1,,Middle School,,No,,Middle School,High School,Either/No Preference,Calculus or higher,Yes,,,,,,No,NA,NA,NA,NA,Driving,
75,,,,Alfred Dorey,,8/16/1994,Chicago,I did not attend a City Year school,Transgender Male,,,,,,,White/Caucasian,,Bachelor's Degree,,No,,,,,,,,,,,,,,Yes,2,Elementary School,,,No,,Middle School,,Math,Trigonometry,No,,,,,,No,NA,NA,NA,NA,Public Transportation,
76,,,,Ariana Longwolf,,11/30/1996,Chicago,I did not attend a City Year school,Male,African American/Black,,,,,,,,Associate's Degree,,No,,,,,,,,,,,,,,Yes,7,,,High School,No,Elementary School,Middle School,,Math,Algebra I,Yes,,,,,,No,NA,NA,NA,NA,Public Transportation,
77,,,,Rick Liu,,7/11/1991,Chicago,I did not attend a City Year school,Gender Nonconforming (GNC),African American/Black,,,,,,,,Master's Desgree,,No,,,,,,,,,,,,,,Yes,4,Elementary School,Middle School,,No,,,,Either/No Preference,Pre-algebra or lower,Yes,,,,,,No,NA,NA,NA,NA,Driving,
78,,,,Johnny Otero,,1/25/1994,Chicago,I did not attend a City Year school,Male,African American/Black,,,,,,,,Associate's Degree,,No,,,,,,,,,,,,,,Yes,4,Elementary School,Middle School,,No,,,,Math,Algebra I,No,,,,,,No,NA,NA,NA,NA,Driving,
79,,,,Lubaaba el-Bacho,,11/3/1994,Chicago,I did not attend a City Year school,Female,,,,,,,White/Caucasian,,Some College,,Yes,Arabic,,,,,,,,,,Urdu,,,Yes,8,,,,Yes,Elementary School,Middle School,,ELA,Trigonometry,Yes,,,,,,No,NA,NA,NA,NA,Public Transportation,
80,,,,Jamar Maxwell,,9/6/1996,Chicago,I did not attend a City Year school,Female,,,,,,,White/Caucasian,,High School/GED,,No,,,,,,,,,,,,,,No,,,,,,Elementary School,Middle School,High School,Math,Trigonometry,No,,,,,,No,NA,NA,NA,NA,Driving,
81,,,,Mawzoona al-Assaf,,4/6/1991,Chicago,I did not attend a City Year school,Transgender Female,,,,,,,White/Caucasian,,Bachelor's Degree,,Yes,,,,,,,,,,,,,,No,,,,,,,Middle School,High School,Math,Calculus or higher,No,,,,,,No,NA,NA,NA,NA,Public Transportation,
82,,,,Caleb Ihme,,1/19/1995,Chicago,I did not attend a City Year school,Female,,,,,,,White/Caucasian,,High School/GED,,No,,,,,,,,,,,,,,Yes,9,,,High School,No,,,,ELA,Algebra II,Yes,,,,,,No,NA,NA,NA,NA,Public Transportation,
83,,,,Kyle Gorman,,7/28/1992,Chicago,I did not attend a City Year school,Female,African American/Black,,,,,,,,Bachelor's Degree,,No,,,,,,,,,,,,,,Yes,10,Elementary School,,High School,No,Elementary School,Middle School,,Math,Pre-algebra or lower,Yes,,,,,,No,NA,NA,NA,NA,Driving,
84,,,,Mawhiba al-Hasan,,10/18/1995,Chicago,I did not attend a City Year school,Female,African American/Black,,,,,,,,High School/GED,,Yes,,,,,,,,,,,,,Other,Yes,5,,,,Yes,Elementary School,Middle School,,Math,Trigonometry,Yes,,,,,,No,NA,NA,NA,NA,Public Transportation,
85,,,,Jessalyn Ortiz,,9/7/1994,Chicago,I did not attend a City Year school,Female,,,,,,,White/Caucasian,,Some College,,No,,,,,,,,,,,,,,Yes,6,,Middle School,,No,,,High School,Either/No Preference,Algebra II,Yes,,,,,,No,NA,NA,NA,NA,Public Transportation,
86,,,,Macella Abrams,,4/3/1996,Chicago,I did not attend a City Year school,Gender Nonconforming (GNC),African American/Black,,,Hispanic/Latino,,,,,High School/GED,,No,,,,,,,,,,,,,,Yes,1,,,,No,,Middle School,High School,ELA,Algebra I,No,,,,,,No,NA,NA,NA,NA,Public Transportation,
87,,,,Richard Johnson,,7/30/1991,Chicago,I did not attend a City Year school,Female,African American/Black,,,,,,,,High School/GED,,No,,,,,,,,,,,,,,Yes,3,Elementary School,Middle School,,No,,,,Either/No Preference,Trigonometry,No,,,,,,No,NA,NA,NA,NA,Public Transportation,
88,,,,Trever Maloney,,1/20/1992,Chicago,I did not attend a City Year school,Female,African American/Black,,,,,,,,High School/GED,,No,,,,,,,,,,,,,,Yes,4,,,High School,Yes,Elementary School,,,ELA,Algebra II,Yes,,,,,,No,NA,NA,NA,NA,Public Transportation,
89,,,,James Swearnger,,9/22/1993,Chicago,I did not attend a City Year school,Male,,,,,,,White/Caucasian,,High School/GED,,No,,,,,,,,,,,,,,No,,,,,,Elementary School,Middle School,High School,Math,Algebra I,Yes,,,,,,No,NA,NA,NA,NA,Public Transportation,
90,,,,Jorge Marquez Garcia,,6/9/1995,Chicago,I did not attend a City Year school,Female,African American/Black,,,,,,,,Some College,,No,,,,,,,,,,,,,,Yes,3,Elementary School,,,No,Elementary School,Middle School,,Either/No Preference,Algebra I,No,,,,,,No,NA,NA,NA,NA,Public Transportation,
91,,,,Tuyen Aalexis Behera,,10/11/1993,Chicago,I did not attend a City Year school,Gender Nonconforming (GNC),African American/Black,,,Hispanic/Latino,,,,,Some College,,No,,,,,,,,,,,,,,Yes,3,,,High School,No,Elementary School,,,ELA,Algebra I,Yes,,,,,,No,NA,NA,NA,NA,Public Transportation,
92,,,,Richard Rogers,,6/8/1994,Chicago,I did not attend a City Year school,Female,,,,,,,White/Caucasian,,Bachelor's Degree,,Yes,,,,,,,,,,,,,,Yes,2,Elementary School,,,No,,Middle School,,ELA,Algebra I,No,,,,,,No,NA,NA,NA,NA,Driving,
93,,,,Sang Lee,,9/15/1993,Chicago,I did not attend a City Year school,Gender Nonconforming (GNC),,,,,,,White/Caucasian,,Bachelor's Degree,,No,,,,,,,,,,,,,,Yes,2,,,,No,Elementary School,,High School,Either/No Preference,Algebra I,No,,,,,,No,NA,NA,NA,NA,Public Transportation,
94,,,,Tyamber Laws,,3/14/1992,Chicago,McNair School of Excellence,Female,,,,,,,White/Caucasian,,Bachelor's Degree,,No,,,,,,,,,,,,,,No,,,,,,,Middle School,High School,ELA,Calculus or higher,No,,,,,,No,NA,NA,NA,NA,Driving,
95,,,,Elizabeth Martinez,,2/17/1992,Chicago,McNair School of Excellence,Gender Nonconforming (GNC),African American/Black,,,Hispanic/Latino,,,White/Caucasian,,Some College,,No,,,,,,,,,,,,,,Yes,7,Elementary School,Middle School,High School,No,,Middle School,High School,Math,Pre-algebra or lower,Yes,,,,,,No,NA,NA,NA,NA,Public Transportation,
96,,,,Shelby Vonfeldt,,1/27/1991,Chicago,I did not attend a City Year school,Male,,,,,,,White/Caucasian,,High School/GED,,No,,,,,,,,,,,,,,Yes,4,Elementary School,,,Yes,Elementary School,,,ELA,Algebra II,Yes,,,,,,No,NA,NA,NA,NA,Public Transportation,
97,,,,Edward Worthington,,5/10/1995,Chicago,I did not attend a City Year school,Male,,,,Hispanic/Latino,,,,,High School/GED,,No,,,,,,,,,,,,,,Yes,7,,,High School,No,,Middle School,,ELA,Algebra I,Yes,,,,,,No,NA,NA,NA,NA,Walking,
98,,,,Destinie Meyer,,4/11/1995,Chicago,I did not attend a City Year school,Female,African American/Black,,,,,,,,Bachelor's Degree,,No,,,,,,,,,,,,,,No,,,,,,,Middle School,High School,Math,Algebra II,Yes,,,,,,No,NA,NA,NA,NA,Driving,
99,,,,Tisa Hoffman,,7/31/1995,Chicago,I did not attend a City Year school,Male,African American/Black,,,,,,,,High School/GED,,No,,,,,,,,,,,,,,Yes,9,,Middle School,,No,,,High School,Math,Pre-algebra or lower,No,,,,,,No,NA,NA,NA,NA,Driving,
100,,,,Nuzha al-Mohammed,,3/24/1995,Chicago,I did not attend a City Year school,Female,African American/Black,,,,,,,,Bachelor's Degree,,Yes,Arabic,,,,,,,,,Swahili,,,,No,,,,,,,,,Math,Pre-algebra or lower,No,,,,,,No,NA,NA,NA,NA,Public Transportation,
101,,,,Aujanay Beals,,2/1/1993,Chicago,I did not attend a City Year school,Female,African American/Black,,,,,,White/Caucasian,,High School/GED,,No,,,,,,,,,,,,,,Yes,10,Elementary School,,,Yes,Elementary School,Middle School,,ELA,Calculus or higher,No,,,,,,No,NA,NA,NA,NA,Driving,
102,,,,Seth Sheppard,,7/26/1994,Chicago,I did not attend a City Year school,Female,,,,,,,White/Caucasian,,High School/GED,,Yes,,,,,,,Nepali,,,,,,,No,,,,,,Elementary School,Middle School,High School,Either/No Preference,Calculus or higher,No,,,,,,No,NA,NA,NA,NA,Public Transportation,
103,,,,Miqdaad al-Samra,,12/29/1994,Chicago,I did not attend a City Year school,Male,,,,,,,White/Caucasian,,High School/GED,,Yes,,,,,,,,,Spanish,,,,,No,,,,,,Elementary School,,,Either/No Preference,Calculus or higher,Yes,,,,,,No,NA,NA,NA,NA,Public Transportation,
104,,,,Andres Bozmans,,10/20/1992,Chicago,I did not attend a City Year school,Female,,,,,,,White/Caucasian,,Some College,,No,,,,,,,,,,,,,,Yes,3,,,,No,,Middle School,High School,Math,Algebra II,Yes,,,,,,No,NA,NA,NA,NA,Public Transportation,
105,,,,Tania Martinez,,3/16/1992,Chicago,Nicholson STEM Academy,Transgender Female,,,,,,,White/Caucasian,,Bachelor's Degree,,No,,,,,,,,,,,,,,Yes,7,,Middle School,High School,Yes,Elementary School,,High School,Either/No Preference,Trigonometry,Yes,,,,,,No,NA,NA,NA,NA,Public Transportation,
106,,,,Charlene Curtis,,8/11/1993,Chicago,Schurz High School,Gender Nonconforming (GNC),,,,,,,White/Caucasian,,Bachelor's Degree,,No,,,,,,,,,,,,,,No,,,,,,,Middle School,,Math,Pre-algebra or lower,No,,,,,,No,NA,NA,NA,NA,Public Transportation,
107,,,,Vanessa Wallace,,1/19/1994,Chicago,I did not attend a City Year school,Female,,,,Hispanic/Latino,,,,,High School/GED,,No,,,,,,,,,,,,,,Yes,4,,,,No,,Middle School,,Math,Trigonometry,No,,,,,,No,NA,NA,NA,NA,Public Transportation,
108,,,,Kaitlyn Rash,,1/5/1994,Chicago,I did not attend a City Year school,Transgender Female,African American/Black,,,,,,,,Some College,,No,,,,,,,,,,,,,,Yes,6,Elementary School,,High School,No,,,,ELA,Algebra II,No,,,,,,No,NA,NA,NA,NA,Public Transportation,
109,,,,Kendyl Abraham,,8/28/1995,Chicago,I did not attend a City Year school,Transgender Male,,,,,,,White/Caucasian,,Bachelor's Degree,,No,,,,,,,,,,,,,,Yes,4,Elementary School,,,No,Elementary School,Middle School,High School,ELA,Calculus or higher,Yes,,,,,,No,NA,NA,NA,NA,Bicycling,
110,,,,Christopher Hut,,1/4/1995,Chicago,I did not attend a City Year school,Gender Nonconforming (GNC),,,,,,,White/Caucasian,,High School/GED,,No,,,,,,,,,,,,,,Yes,10,Elementary School,,,No,,,,Math,Algebra II,No,,,,,,No,NA,NA,NA,NA,Public Transportation,
111,,,,Majdiyya al-Saade,,7/31/1994,Chicago,I did not attend a City Year school,Female,,,,,,,,Other,Master's Desgree,,Yes,,,,,,French,,,Spanish,,,,,Yes,3,,,,No,,Middle School,High School,Either/No Preference,Calculus or higher,Yes,,,,,,No,NA,NA,NA,NA,Public Transportation,
112,,,,Azhudrea Amaha,,8/2/1996,Chicago,Dulles School of Excellence,Female,,,,,,,White/Caucasian,,Master's Desgree,,No,,,,,,,,,,,,,,Yes,1,Elementary School,,,No,,,,Either/No Preference,Trigonometry,Yes,,,,,,No,NA,NA,NA,NA,Public Transportation,
113,,,,Celyn Dock,,5/3/1994,Chicago,I did not attend a City Year school,Female,,,,,,,White/Caucasian,,Bachelor's Degree,,No,,,,,,,,,,,,,,No,,,,,,Elementary School,,,ELA,Algebra I,No,,,,,,No,NA,NA,NA,NA,Public Transportation,
114,,,,Sammuel Gomez,,12/27/1994,Chicago,I did not attend a City Year school,Male,African American/Black,,,,,,White/Caucasian,,Associate's Degree,,No,,,,,,,,,,,,,,Yes,1,Elementary School,,,No,,Middle School,High School,Math,Trigonometry,Yes,,,,,,No,NA,NA,NA,NA,Driving,
115,,,,Maribel Aragon,,6/16/1996,Chicago,I did not attend a City Year school,Gender Nonconforming (GNC),African American/Black,,,,,,,,Bachelor's Degree,,No,,,,,,,,,,,,,,Yes,3,Elementary School,,,No,,,,Math,Trigonometry,No,,,,,,No,NA,NA,NA,NA,Public Transportation,
116,,,,Orawan Nguyen,,6/27/1995,Chicago,I did not attend a City Year school,Male,,,,,,,White/Caucasian,,Bachelor's Degree,,No,,,,,,,,,,,,,,Yes,1,,Middle School,,No,,,,Either/No Preference,Trigonometry,No,,,,,,No,NA,NA,NA,NA,Public Transportation,
117,,,,Hamdaan al-Musa,,5/11/1992,Chicago,I did not attend a City Year school,Female,African American/Black,,,,,,,,High School/GED,,Yes,,,,,,,,,Spanish,,,,,No,,,,,,Elementary School,Middle School,High School,ELA,Pre-algebra or lower,No,,,,,,No,NA,NA,NA,NA,Driving,
118,,,,Elias Fernandez,,9/29/1995,Chicago,I did not attend a City Year school,Female,,,,,,,White/Caucasian,,Master's Desgree,,No,,,,,,,,,,,,,,Yes,7,Elementary School,,,No,Elementary School,,,ELA,Trigonometry,Yes,,,,,,No,NA,NA,NA,NA,Driving,
119,,,,Alexis Martinez,,9/8/1995,Chicago,I did not attend a City Year school,Male,African American/Black,,,,,,,,Some College,,No,,,,,,,,,,,,,,Yes,6,,,High School,No,,Middle School,,Math,Trigonometry,No,,,,,,No,NA,NA,NA,NA,Driving,
120,,,,Debbie Villalobos,,1/27/1993,Chicago,Curtis School of Excellence,Male,,,,Hispanic/Latino,,,,,Associate's Degree,,No,,,,,,,,,,,,,,No,,,,,,,,,Math,Calculus or higher,No,,,,,,No,NA,NA,NA,NA,Bicycling,
121,,,,Abdul Hai el-Kanan,,7/17/1994,Chicago,I did not attend a City Year school,Male,,,,,,,White/Caucasian,,Bachelor's Degree,,Yes,,,,,,,,,Spanish,,,,,No,,,,,,Elementary School,,,ELA,Calculus or higher,No,,,,,,No,NA,NA,NA,NA,Bicycling,
122,,,,Walter Tucker,,4/28/1993,Chicago,I did not attend a City Year school,Male,,,,,,,White/Caucasian,,High School/GED,,No,,,,,,,,,,,,,,Yes,2,Elementary School,Middle School,,No,Elementary School,Middle School,,ELA,Pre-algebra or lower,Yes,,,,,,No,NA,NA,NA,NA,Public Transportation,
123,,,,Natanya Mitta,,5/20/1992,Chicago,I did not attend a City Year school,Male,,,,,,,White/Caucasian,,Associate's Degree,,No,,,,,,,,,,,,,,Yes,9,,Middle School,,No,,,High School,Either/No Preference,Algebra II,Yes,,,,,,No,NA,NA,NA,NA,Driving,
124,,,,Taylor Lofton,,9/17/1995,Chicago,I did not attend a City Year school,Gender Nonconforming (GNC),African American/Black,,,,,,,,High School/GED,,No,,,,,,,,,,,,,,Yes,11,,,,No,Elementary School,Middle School,High School,Either/No Preference,Algebra II,No,,,,,,No,NA,NA,NA,NA,Bicycling,
125,,,,Genia Greenlee,,10/30/1993,Chicago,I did not attend a City Year school,Female,,,,,,,White/Caucasian,,Associate's Degree,,No,,,,,,,,,,,,,,No,,,,,,Elementary School,,,Math,Pre-algebra or lower,No,,,,,,No,NA,NA,NA,NA,Public Transportation,
126,,,,Taylor Fahy,,4/18/1995,Chicago,I did not attend a City Year school,Gender Nonconforming (GNC),African American/Black,,,,,,,,Bachelor's Degree,,No,,,,,,,,,,,,,,Yes,6,Elementary School,,,No,Elementary School,,,Math,Pre-algebra or lower,Yes,,,,,,No,NA,NA,NA,NA,Bicycling,
127,,,,Destiny Valentine,,2/13/1993,Chicago,Marquette School of Excellence,Male,,,,,,,White/Caucasian,,Master's Desgree,,No,,,,,,,,,,,,,,No,,,,,,,Middle School,High School,Math,Algebra I,No,,,,,,No,NA,NA,NA,NA,Public Transportation,
128,,,,Holly Deleon,,12/1/1992,Chicago,Schurz High School,Female,African American/Black,,,,,,White/Caucasian,,High School/GED,,No,,,,,,,,,,,,,,Yes,7,,,,No,Elementary School,Middle School,,Math,Algebra II,No,,,,,,No,NA,NA,NA,NA,Public Transportation,
129,,,,Kabeer al-Safi,,6/24/1995,Chicago,I did not attend a City Year school,Gender Nonconforming (GNC),,,,Hispanic/Latino,,,,,Bachelor's Degree,,Yes,,,,,,,,,Spanish,Swahili,,,,Yes,1,,Middle School,,No,,Middle School,,Math,Algebra II,Yes,,,,,,No,NA,NA,NA,NA,Public Transportation,
130,,,,Casie Alferez,,1/15/1995,Chicago,I did not attend a City Year school,Male,,,,,,,White/Caucasian,,High School/GED,,No,,,,,,,,,,,,,,Yes,4,,,,No,Elementary School,,,Math,Pre-algebra or lower,No,,,,,,No,NA,NA,NA,NA,Driving,
131,,,,Natalie Lott,,12/15/1994,Chicago,Kelvyn Park High School,Female,,,,,,,White/Caucasian,,Bachelor's Degree,,No,,,,,,,,,,,,,,No,,,,,,Elementary School,Middle School,,ELA,Pre-algebra or lower,No,,,,,,No,NA,NA,NA,NA,Driving,
132,,,,Madaline Begay,,5/16/1996,Chicago,I did not attend a City Year school,Female,,,,,,,White/Caucasian,,Some College,,No,,,,,,,,,,,,,,Yes,6,,,,No,Elementary School,Middle School,,Either/No Preference,Calculus or higher,Yes,,,,,,No,NA,NA,NA,NA,Public Transportation,
133,,,,Alix Harris,,3/15/1991,Chicago,I did not attend a City Year school,Female,,,,,,,White/Caucasian,,Associate's Degree,,Yes,,,,,,,,,,,,,,Yes,3,,Middle School,,No,,,,Either/No Preference,Algebra I,No,,,,,,No,NA,NA,NA,NA,Public Transportation,
134,,,,Lyric Aldaz,,7/24/1994,Chicago,Myra Bradwell School of Excellence,Female,,,,,,,White/Caucasian,,High School/GED,,No,,,,,,,,,,,,,,No,,,,,,Elementary School,Middle School,High School,ELA,Algebra II,Yes,,,,,,No,NA,NA,NA,NA,Driving,
135,,,,Amber Kelly,,9/13/1996,Chicago,Dvorak School of Excellence,Male,African American/Black,,,,,,,,High School/GED,,No,,,,,,,,,,,,,,No,,,,,,,,,Math,Pre-algebra or lower,No,,,,,,No,NA,NA,NA,NA,Public Transportation,
136,,,,Henda Dennard,,4/27/1994,Chicago,I did not attend a City Year school,Female,,,,,,,White/Caucasian,,Bachelor's Degree,,No,,,,,,,,,,,,,,Yes,2,,,,No,,,,Math,Algebra I,Yes,,,,,,No,NA,NA,NA,NA,Public Transportation,
137,,,,Mytasia Yang,,2/5/1991,Chicago,Collins Academy High School,Male,,,,,,,White/Caucasian,,Associate's Degree,,No,,,,,,,,,,,,,,Yes,2,,Middle School,High School,Yes,Elementary School,Middle School,,Either/No Preference,Pre-algebra or lower,No,,,,,,No,NA,NA,NA,NA,Driving,
138,,,,Armando Leon,,10/6/1995,Chicago,I did not attend a City Year school,Female,,,,,,,White/Caucasian,,Associate's Degree,,No,,,,,,,,,,,,,,No,,,,,,,Middle School,,Math,Algebra II,Yes,,,,,,No,NA,NA,NA,NA,Public Transportation,
139,,,,Marcella Johnson,,7/10/1995,Chicago,I did not attend a City Year school,Female,,,,,,,White/Caucasian,,High School/GED,,Yes,,,,,,,,,,,,Vietnamese,,Yes,2,,Middle School,High School,No,Elementary School,Middle School,High School,Math,Algebra II,No,,,,,,No,NA,NA,NA,NA,Driving,
140,,,,Amber Briseno,,5/9/1996,Chicago,I did not attend a City Year school,Male,African American/Black,,,,,,,,Some College,,No,,,,,,,,,,,,,,Yes,2,Elementary School,Middle School,,No,,,,Either/No Preference,Algebra II,Yes,,,,,,No,NA,NA,NA,NA,Driving,
141,,,,Maajid el-El-Sayed,,5/12/1992,Chicago,I did not attend a City Year school,Male,African American/Black,,,,,,,,Bachelor's Degree,,Yes,,,,,Haitian Creole,,,,,,,,,Yes,2,,,High School,No,,,High School,ELA,Calculus or higher,Yes,,,,,,No,NA,NA,NA,NA,Walking,
142,,,,Johnson Quitoriano,,11/29/1992,Chicago,I did not attend a City Year school,Gender Nonconforming (GNC),African American/Black,,,,,,,,Bachelor's Degree,,No,,,,,,,,,,,,,,Yes,2,Elementary School,,,No,Elementary School,Middle School,,ELA,Pre-algebra or lower,No,,,,,,No,NA,NA,NA,NA,Public Transportation,
143,,,,Cleatus Burgdorff,,2/22/1996,Chicago,I did not attend a City Year school,Female,,,,,,,White/Caucasian,,Bachelor's Degree,,No,,,,,,,,,,,,,,Yes,2,Elementary School,,,No,,Middle School,,Math,Pre-algebra or lower,Yes,,,,,,No,NA,NA,NA,NA,Driving,
144,,,,Widdad el-Jabbour,,5/2/1996,Chicago,I did not attend a City Year school,Male,,,,,,,White/Caucasian,,Bachelor's Degree,,Yes,,,,,,,,,Spanish,,,,,Yes,4,,,,No,,,High School,Math,Calculus or higher,No,,,,,,No,NA,NA,NA,NA,Public Transportation,
145,,,,Analissia Klier,,12/4/1994,Chicago,I did not attend a City Year school,Male,African American/Black,,,,,,,,High School/GED,,No,,,,,,,,,,,,,,No,,,,,,Elementary School,,High School,ELA,Trigonometry,Yes,,,,,,No,NA,NA,NA,NA,Public Transportation,
146,,,,Irene Gutierrez,,9/21/1995,Chicago,Charles S Deneen School of Excellence,Female,African American/Black,,,,,,,,High School/GED,,No,,,,,,,,,,,,,,No,,,,,,,,High School,Math,Algebra I,No,,,,,,No,NA,NA,NA,NA,Driving,
147,,,,Chiaki Lee,,7/1/1996,Chicago,I did not attend a City Year school,Male,African American/Black,,,,,,,,Associate's Degree,,No,,,,,,,,,,,,,,No,,,,,,Elementary School,,,ELA,Calculus or higher,No,,,,,,No,NA,NA,NA,NA,Public Transportation,
148,,,,Allison Mufford,,6/22/1995,Chicago,Nicholson STEM Academy,Male,African American/Black,,,,,,,,High School/GED,,No,,,,,,,,,,,,,,Yes,4,,,High School,No,Elementary School,Middle School,High School,ELA,Calculus or higher,Yes,,,,,,No,NA,NA,NA,NA,Public Transportation,
149,,,,Justin Knight,,7/29/1993,Chicago,I did not attend a City Year school,Female,,,,,,,White/Caucasian,,Associate's Degree,,No,,,,,,,,,,,,,,Yes,6,,,High School,No,Elementary School,,High School,ELA,Algebra I,Yes,,,,,,No,NA,NA,NA,NA,Public Transportation,
150,,,,Farhaan el-Fadel,,5/18/1996,Chicago,I did not attend a City Year school,Female,,,,,,,White/Caucasian,,Bachelor's Degree,,Yes,,,,,,,,,,,,,,No,,,,,,Elementary School,,High School,ELA,Algebra I,No,,,,,,No,NA,NA,NA,NA,Bicycling,
151,,,,Zahra al-Fahs,,1/17/1991,Chicago,I did not attend a City Year school,Male,,,,,,,White/Caucasian,,Bachelor's Degree,,Yes,,,,,,,,,Spanish,,,,,No,,,,,,,Middle School,High School,Math,Pre-algebra or lower,No,,,,,,No,NA,NA,NA,NA,Bicycling,
152,,,,Brandon Quintana,,12/26/1993,Chicago,I did not attend a City Year school,Gender Nonconforming (GNC),African American/Black,,,,,,,,Some College,,No,,,,,,,,,,,,,,Yes,6,,Middle School,High School,No,Elementary School,,,Math,Algebra I,No,,,,,,No,NA,NA,NA,NA,Driving,
153,,,,Elijah Jones,,6/13/1993,Chicago,I did not attend a City Year school,Female,,,,,,,,Other,Bachelor's Degree,,No,,,,,,,,,,,,,,Yes,2,Elementary School,Middle School,High School,Yes,,Middle School,High School,Either/No Preference,Algebra I,Yes,,,,,,No,NA,NA,NA,NA,Public Transportation,
154,,,,Paul Price,,9/1/1992,Chicago,I did not attend a City Year school,Female,African American/Black,,,,,,,,Some College,,No,,,,,,,,,,,,,,Yes,3,Elementary School,,High School,No,Elementary School,,,ELA,Pre-algebra or lower,No,,,,,,No,NA,NA,NA,NA,Driving,
155,,,,Tiffany Castaneda,,4/2/1994,Chicago,I did not attend a City Year school,Male,,,,Hispanic/Latino,,,,,Associate's Degree,,No,,,,,,,,,,,,,,Yes,4,,Middle School,,No,,,High School,Math,Algebra II,No,,,,,,No,NA,NA,NA,NA,Bicycling,
156,,,,Rita Lopez,,9/3/1994,Chicago,I did not attend a City Year school,Female,African American/Black,,,Hispanic/Latino,,,,,Bachelor's Degree,,No,,,,,,,,,,,,,,Yes,9,,,High School,No,Elementary School,Middle School,,Math,Calculus or higher,No,,,,,,No,NA,NA,NA,NA,Public Transportation,
157,,,,Matthew Davis,,4/30/1996,Chicago,I did not attend a City Year school,Male,African American/Black,,,,,,,,Bachelor's Degree,,No,,,,,,,,,,,,,,No,,,,,,Elementary School,,High School,ELA,Algebra I,No,,,,,,No,NA,NA,NA,NA,Public Transportation,
158,,,,Sahl el-Mostafa,,10/11/1993,Chicago,I did not attend a City Year school,Male,,,,,,,White/Caucasian,,Bachelor's Degree,,Yes,Arabic,,,,,,,,Spanish,,,,,Yes,2,,,,No,Elementary School,Middle School,High School,Either/No Preference,Algebra II,Yes,,,,,,No,NA,NA,NA,NA,Public Transportation,
159,,,,Jesse Romero,,9/22/1991,Chicago,I did not attend a City Year school,Female,,,,,,,White/Caucasian,,Bachelor's Degree,,No,,,,,,,,,,,,,,Yes,3,,,,No,,,High School,Math,Calculus or higher,Yes,,,,,,No,NA,NA,NA,NA,Public Transportation,
160,,,,Umaira al-Shahan,,4/27/1995,Chicago,I did not attend a City Year school,Female,African American/Black,,,,,,,,Bachelor's Degree,,Yes,,,,,,,,,,,,,,Yes,5,,,,Yes,,Middle School,,ELA,Pre-algebra or lower,Yes,,,,,,No,NA,NA,NA,NA,Public Transportation,
161,,,,Grace Nguyen,,5/15/1993,Chicago,Myra Bradwell School of Excellence,Gender Nonconforming (GNC),,,,,,,White/Caucasian,,High School/GED,,No,,,,,,,,,,,,,,Yes,7,,,High School,Yes,,,High School,ELA,Pre-algebra or lower,Yes,,,,,,No,NA,NA,NA,NA,Walking,
162,,,,Deisha Watts,,4/20/1995,Chicago,I did not attend a City Year school,Gender Nonconforming (GNC),,,,,,,White/Caucasian,,Some College,,No,,,,,,,,,,,,,,Yes,2,,,,No,,Middle School,,Either/No Preference,Algebra II,No,,,,,,No,NA,NA,NA,NA,Public Transportation,
163,,,,Jaiden Brown,,12/12/1992,Chicago,I did not attend a City Year school,Gender Nonconforming (GNC),,,Asian,,,,,,Bachelor's Degree,,No,,,,,,,,,,,,,,Yes,2,Elementary School,,,No,Elementary School,Middle School,High School,Math,Pre-algebra or lower,No,,,,,,No,NA,NA,NA,NA,Public Transportation,
164,,,,Christopher Copley,,2/2/1991,Chicago,I did not attend a City Year school,Female,,,,,,,White/Caucasian,,Bachelor's Degree,,No,,,,,,,,,,,,,,Yes,1,Elementary School,Middle School,High School,No,Elementary School,Middle School,High School,Math,Algebra I,Yes,,,,,,No,NA,NA,NA,NA,Public Transportation,
165,,,,Kasandra Vasquez,,8/7/1996,Chicago,I did not attend a City Year school,Male,,,Asian,,,,,,Some College,,No,,,,,,,,,,,,,,Yes,8,,,High School,No,,Middle School,,ELA,Algebra I,No,,,,,,No,NA,NA,NA,NA,Public Transportation,
166,,,,Thanh-Phong Reeves,,10/27/1991,Chicago,I did not attend a City Year school,Male,African American/Black,,,,,,,,Bachelor's Degree,,No,,,,,,,,,,,,,,No,,,,,,Elementary School,,High School,ELA,Pre-algebra or lower,Yes,,,,,,No,NA,NA,NA,NA,Driving,
167,,,,Scott Werner,,4/25/1991,Chicago,I did not attend a City Year school,Transgender Male,African American/Black,,,,,,,,Bachelor's Degree,,No,,,,,,,,,,,,,,Yes,6,,,High School,No,,,High School,Either/No Preference,Pre-algebra or lower,Yes,,,,,,No,NA,NA,NA,NA,Public Transportation,
168,,,,Derrick Grohman,,3/5/1994,Chicago,I did not attend a City Year school,Gender Nonconforming (GNC),,,,,,,White/Caucasian,,High School/GED,,No,,,,,,,,,,,,,,Yes,5,,,High School,No,,Middle School,High School,Either/No Preference,Algebra II,No,,,,,,No,NA,NA,NA,NA,Public Transportation,
169,,,,Fred Bean,,2/17/1996,Chicago,I did not attend a City Year school,Gender Nonconforming (GNC),,,Asian,,,,,,Some College,,No,,,,,,,,,,,,,,No,,,,,,Elementary School,,,Either/No Preference,Calculus or higher,Yes,,,,,,No,NA,NA,NA,NA,Public Transportation,
170,,,,Vandross Mendoza,,1/10/1991,Chicago,I did not attend a City Year school,Female,,,,,,,White/Caucasian,,Bachelor's Degree,,No,,,,,,,,,,,,,,Yes,2,,,,No,Elementary School,,High School,ELA,Trigonometry,Yes,,,,,,No,NA,NA,NA,NA,Public Transportation,
171,,,,Kellie Butler,,4/3/1996,Chicago,I did not attend a City Year school,Female,,,,,,,White/Caucasian,,Bachelor's Degree,,No,,,,,,,,,,,,,,No,,,,,,,Middle School,High School,Math,Algebra II,Yes,,,,,,No,NA,NA,NA,NA,Public Transportation,
172,,,,Christian Martin,,6/2/1993,Chicago,I did not attend a City Year school,Male,African American/Black,,,,,,,,High School/GED,,No,,,,,,,,,,,,,,Yes,6,,,,No,,,High School,Math,Algebra I,No,,,,,,No,NA,NA,NA,NA,Driving,
173,,,,Dah'Som Cummings,,9/22/1993,Chicago,I did not attend a City Year school,Female,,,,,,,White/Caucasian,,Bachelor's Degree,,No,,,,,,,,,,,,,,Yes,8,Elementary School,Middle School,High School,Yes,Elementary School,,,ELA,Pre-algebra or lower,Yes,,,,,,No,NA,NA,NA,NA,Public Transportation,
174,,,,Shawn Schubert,,5/14/1991,Chicago,I did not attend a City Year school,Female,,,,,,,White/Caucasian,,Associate's Degree,,No,,,,,,,,,,,,,,Yes,5,Elementary School,,,No,,,High School,ELA,Algebra I,Yes,,,,,,No,NA,NA,NA,NA,Public Transportation,
175,,,,Mikal King,,10/27/1995,Chicago,I did not attend a City Year school,Male,African American/Black,,,Hispanic/Latino,,,,,Bachelor's Degree,,No,,,,,,,,,,,,,,Yes,8,,,,No,,Middle School,High School,Either/No Preference,Pre-algebra or lower,No,,,,,,No,NA,NA,NA,NA,Driving,
176,,,,Ghaali el-Habib,,4/20/1995,Chicago,I did not attend a City Year school,Female,,,,,,,White/Caucasian,,Some College,,Yes,,CapeVerdeanCreole,,,,,,,,,,,,Yes,10,,Middle School,,Yes,Elementary School,Middle School,,Math,Calculus or higher,Yes,,,,,,No,NA,NA,NA,NA,Public Transportation,
177,,,,Kennedy Huschka,,3/4/1995,Chicago,Collins Academy High School,Transgender Female,,,,,,,White/Caucasian,,Associate's Degree,,Yes,,,,,,,,,Spanish,,,,,No,,,,,,Elementary School,,,Math,Algebra I,No,,,,,,No,NA,NA,NA,NA,Bicycling,
178,,,,Lauren Herrera,,3/25/1995,Chicago,I did not attend a City Year school,Female,,,,,,,White/Caucasian,,Some College,,No,,,,,,,,,,,,,,Yes,4,,Middle School,High School,No,Elementary School,Middle School,High School,Math,Algebra I,No,,,,,,No,NA,NA,NA,NA,Public Transportation,
179,,,,Elisha Thinn,,6/4/1992,Chicago,Johnson School of Excellence,Male,African American/Black,,,,,,,,Associate's Degree,,No,,,,,,,,,,,,,,No,,,,,,Elementary School,,,Either/No Preference,Algebra I,No,,,,,,No,NA,NA,NA,NA,Public Transportation,
180,,,,Karissa Love,,3/7/1991,Chicago,I did not attend a City Year school,Female,,,,,,,White/Caucasian,,Bachelor's Degree,,No,,,,,,,,,,,,,,Yes,2,Elementary School,,,No,Elementary School,Middle School,,Math,Algebra II,No,,,,,,No,NA,NA,NA,NA,Public Transportation,
181,,,,Tia Woolfolk,,6/17/1992,Chicago,Marquette School of Excellence,Female,,,,,,,White/Caucasian,,Bachelor's Degree,,No,,,,,,,,,,,,,,Yes,10,Elementary School,,,No,,Middle School,,Math,Trigonometry,No,,,,,,No,NA,NA,NA,NA,Public Transportation,
182,,,,Heidi Hankins,,9/30/1994,Chicago,Gage Park High School,Male,African American/Black,,,,,,,,Bachelor's Degree,,No,,,,,,,,,,,,,,Yes,11,,Middle School,High School,No,,Middle School,High School,ELA,Calculus or higher,No,,,,,,No,NA,NA,NA,NA,Walking,
183,,,,Christian Ortega,,2/16/1991,Chicago,I did not attend a City Year school,Female,,,,,,,White/Caucasian,,Bachelor's Degree,,No,,,,,,,,,,,,,,No,,,,,,Elementary School,Middle School,High School,ELA,Calculus or higher,Yes,,,,,,No,NA,NA,NA,NA,Public Transportation,
184,,,,Jose Erickson,,8/20/1992,Chicago,I did not attend a City Year school,Male,,,Asian,,,,,,Bachelor's Degree,,No,,,,,,,,,,,,,,Yes,8,,Middle School,High School,No,,,,Either/No Preference,Algebra I,Yes,,,,,,No,NA,NA,NA,NA,Bicycling,
185,,,,Tanisha Gil,,8/28/1996,Chicago,I did not attend a City Year school,Male,,,,Hispanic/Latino,,,,,Bachelor's Degree,,No,,,,,,,,,,,,,,No,,,,,,,Middle School,High School,Math,Algebra II,No,,,,,,No,NA,NA,NA,NA,Driving,
186,,,,Rose Lawrence,,12/28/1996,Chicago,I did not attend a City Year school,Female,,,,,,,White/Caucasian,,High School/GED,,No,,,,,,,,,,,,,,Yes,5,,Middle School,High School,No,,,,ELA,Algebra I,Yes,,,,,,No,NA,NA,NA,NA,Public Transportation,
187,,,,Heather Richardson,,5/31/1996,Chicago,Marquette School of Excellence,Male,African American/Black,,,Hispanic/Latino,,,,,Associate's Degree,,No,,,,,,,,,,,,,,No,,,,,,Elementary School,Middle School,,ELA,Algebra II,Yes,,,,,,No,NA,NA,NA,NA,Driving,
188,,,,Arwa al-Akhtar,,11/24/1991,Chicago,Anna R. Langford Community Academy,Female,,,,,,,White/Caucasian,,Bachelor's Degree,,Yes,,,,Chinese Mandarin,,,,,,,,,,Yes,2,,,High School,No,,Middle School,High School,Math,Pre-algebra or lower,No,,,,,,No,NA,NA,NA,NA,Public Transportation,
189,,,,Elliott Patterson,,5/21/1996,Chicago,I did not attend a City Year school,Female,African American/Black,,,,,,,,High School/GED,,No,,,,,,,,,,,,,,No,,,,,,Elementary School,Middle School,High School,Math,Pre-algebra or lower,No,,,,,,No,NA,NA,NA,NA,Public Transportation,
190,,,,Deray Alexis,,1/21/1994,Chicago,I did not attend a City Year school,Female,,,,,,,,Other,High School/GED,,No,,,,,,,,,,,,,,Yes,3,Elementary School,Middle School,,No,Elementary School,,,Either/No Preference,Trigonometry,No,,,,,,No,NA,NA,NA,NA,Public Transportation,
191,,,,Amninder Le,,12/17/1993,Chicago,I did not attend a City Year school,Transgender Male,African American/Black,,,,,,,,Some College,,No,,,,,,,,,,,,,,No,,,,,,Elementary School,Middle School,,Either/No Preference,Pre-algebra or lower,Yes,,,,,,No,NA,NA,NA,NA,Bicycling,
192,,,,Taryn Begay,,9/21/1994,Chicago,I did not attend a City Year school,Male,,,,,,,White/Caucasian,,Bachelor's Degree,,No,,,,,,,,,,,,,,No,,,,,,Elementary School,,High School,ELA,Algebra I,No,,,,,,No,NA,NA,NA,NA,Driving,
193,,,,Kaleb Dumas,,9/6/1992,Chicago,I did not attend a City Year school,Male,African American/Black,,,,,,,,High School/GED,,No,,,,,,,,,,,,,,Yes,4,,,,No,,Middle School,High School,Either/No Preference,Trigonometry,Yes,,,,,,No,NA,NA,NA,NA,Public Transportation,
194,,,,Brandon Diaz,,8/6/1991,Chicago,I did not attend a City Year school,Female,African American/Black,,,,,,,,Some College,,No,,,,,,,,,,,,,,Yes,2,,,,No,Elementary School,,High School,ELA,Trigonometry,No,,,,,,No,NA,NA,NA,NA,Public Transportation,
195,,,,Majdi el-Hariri,,4/18/1991,Chicago,I did not attend a City Year school,Male,African American/Black,,,,,,,,Bachelor's Degree,,Yes,,,,,,,,,,,,,,No,,,,,,Elementary School,,High School,Math,Pre-algebra or lower,Yes,,,,,,No,NA,NA,NA,NA,Bicycling,
196,,,,Daijhawn Shoels,,9/1/1994,Chicago,I did not attend a City Year school,Female,African American/Black,,,,,,,,Associate's Degree,,No,,,,,,,,,,,,,,Yes,6,,Middle School,,No,,,High School,Math,Trigonometry,No,,,,,,No,NA,NA,NA,NA,Public Transportation,
197,,,,Mumina al-Srour,,9/11/1992,Chicago,I did not attend a City Year school,Female,,,,,,,White/Caucasian,,Some College,,Yes,,,,,,,,,Spanish,,,,,Yes,5,Elementary School,,,No,,,,Either/No Preference,Algebra II,No,,,,,,No,NA,NA,NA,NA,Public Transportation,
198,,,,Karan Jones,,2/24/1991,Chicago,I did not attend a City Year school,Male,,,,,,,White/Caucasian,,High School/GED,,No,,,,,,,,,,,,,,Yes,6,,,High School,No,,,,ELA,Algebra II,No,,,,,,No,NA,NA,NA,NA,Public Transportation,
199,,,,Terah Fuller,,2/3/1992,Chicago,I did not attend a City Year school,Male,,,,Hispanic/Latino,,,,,Some College,,No,,,,,,,,,,,,,,Yes,7,,Middle School,,No,,Middle School,High School,Math,Algebra II,No,,,,,,No,NA,NA,NA,NA,Driving,
200,,,,Brittney Tahlo,,11/10/1994,Chicago,I did not attend a City Year school,Female,,,,,,,White/Caucasian,,Bachelor's Degree,,No,,,,,,,,,,,,,,Yes,6,,,,No,Elementary School,Middle School,,ELA,Algebra II,No,,,,,,No,NA,NA,NA,NA,Public Transportation,
201,,,,Macenzie O'Neil,,7/8/1991,Chicago,John Hope College Prepatory High School,Female,African American/Black,,,,,,,,Bachelor's Degree,,Yes,,,,,,,,,,,,,,Yes,1,Elementary School,Middle School,,No,,,High School,ELA,Calculus or higher,Yes,,,,,,No,NA,NA,NA,NA,Driving,
202,,,,Prescillia Bond,,9/19/1996,Chicago,I did not attend a City Year school,Transgender Male,,,,,,,White/Caucasian,,High School/GED,,No,,,,,,,,,,,,,,Yes,5,,,,No,Elementary School,,High School,ELA,Trigonometry,Yes,,,,,,No,NA,NA,NA,NA,Driving,
203,,,,Mercedes Luce,,9/22/1994,Chicago,Fuller School of Excellence,Female,,,,,,,White/Caucasian,,Bachelor's Degree,,No,,,,,,,,,,,,,,Yes,10,Elementary School,,,No,Elementary School,,,Math,Trigonometry,No,,,,,,No,NA,NA,NA,NA,Driving,
204,,,,Chibuikem Quiel,,11/19/1995,Chicago,I did not attend a City Year school,Male,African American/Black,,,,,,,,Bachelor's Degree,,No,,,,,,,,,,,,,,No,,,,,,,,High School,Either/No Preference,Calculus or higher,No,,,,,,No,NA,NA,NA,NA,Public Transportation,
205,,,,Christopher Hill,,11/28/1992,Chicago,I did not attend a City Year school,Female,African American/Black,,,,,,,,Bachelor's Degree,,No,,,,,,,,,,,,,,Yes,9,Elementary School,Middle School,,No,,,,ELA,Trigonometry,No,,,,,,No,NA,NA,NA,NA,Public Transportation,
206,,,,Aaron Fisher,,10/21/1995,Chicago,I did not attend a City Year school,Male,,,,,,,White/Caucasian,,Bachelor's Degree,,No,,,,,,,,,,,,,,Yes,6,,,High School,No,Elementary School,,High School,Either/No Preference,Algebra II,No,,,,,,No,NA,NA,NA,NA,Public Transportation,
207,,,,Melissa Baros,,1/12/1995,Chicago,Sullivan High School,Male,African American/Black,,,,,,,,Associate's Degree,,No,,,,,,,,,,,,,,Yes,7,,,,No,Elementary School,,High School,Either/No Preference,Algebra I,No,,,,,,No,NA,NA,NA,NA,Public Transportation,
208,,,,Javan Ogsbury,,9/30/1991,Chicago,I did not attend a City Year school,Male,,,,,,,White/Caucasian,,Bachelor's Degree,,No,,,,,,,,,,,,,,Yes,2,,,,No,Elementary School,,High School,Math,Calculus or higher,No,,,,,,No,NA,NA,NA,NA,Public Transportation,
209,,,,Niraj Yoo,,4/24/1992,Chicago,I did not attend a City Year school,Male,,,,,,,,Other,Associate's Degree,,No,,,,,,,,,,,,,,Yes,4,Elementary School,,High School,No,Elementary School,,High School,Math,Trigonometry,No,,,,,,No,NA,NA,NA,NA,Public Transportation,
210,,,,Ryan Tran,,8/29/1994,Chicago,I did not attend a City Year school,Gender Nonconforming (GNC),,,,,,,White/Caucasian,,Bachelor's Degree,,No,,,,,,,,,,,,,,Yes,6,Elementary School,Middle School,,No,,Middle School,High School,ELA,Algebra I,Yes,,,,,,No,NA,NA,NA,NA,Driving,
211,,,,Shelby Nelson,,11/17/1996,Chicago,I did not attend a City Year school,Female,African American/Black,,,,,,,,Associate's Degree,,No,,,,,,,,,,,,,,No,,,,,,Elementary School,Middle School,High School,Math,Algebra II,No,,,,,,No,NA,NA,NA,NA,Public Transportation,
212,,,,Khaira el-Mohammadi,,1/9/1991,Chicago,I did not attend a City Year school,Male,,,,,,,White/Caucasian,,Master's Desgree,,Yes,,,,,,,,,Spanish,,,,,No,,,,,,,Middle School,High School,Math,Pre-algebra or lower,Yes,,,,,,No,NA,NA,NA,NA,Public Transportation,
213,,,,Khaleefa al-Samara,,12/20/1996,Chicago,I did not attend a City Year school,Female,,,,,,,White/Caucasian,,Associate's Degree,,Yes,,,,,,,,,Spanish,,,,,Yes,2,,Middle School,High School,No,Elementary School,,High School,Either/No Preference,Algebra II,Yes,,,,,,No,NA,NA,NA,NA,Public Transportation,
214,,,,Eric Hurd,,12/29/1993,Chicago,I did not attend a City Year school,Transgender Female,African American/Black,,,,,,,,High School/GED,,No,,,,,,,,,,,,,,Yes,7,Elementary School,,,No,Elementary School,,,Math,Calculus or higher,No,,,,,,No,NA,NA,NA,NA,Public Transportation,
215,,,,Christian Wilson,,8/6/1996,Chicago,I did not attend a City Year school,Male,,,,,,,White/Caucasian,,Bachelor's Degree,,No,,,,,,,,,,,,,,Yes,2,,,High School,No,,,,Either/No Preference,Pre-algebra or lower,Yes,,,,,,No,NA,NA,NA,NA,Driving,
216,,,,Sarah Norder,,1/14/1993,Chicago,Dulles School of Excellence,Female,,,,,,,White/Caucasian,,Associate's Degree,,Yes,,,,,,,,,Spanish,,,,,Yes,2,Elementary School,Middle School,High School,No,Elementary School,,High School,Math,Algebra II,Yes,,,,,,No,NA,NA,NA,NA,Walking,
217,,,,Nizhoni Cohen,,10/4/1993,Chicago,I did not attend a City Year school,Female,African American/Black,,,,,,,,Bachelor's Degree,,No,,,,,,,,,,,,,,No,,,,,,Elementary School,,High School,Math,Algebra I,Yes,,,,,,No,NA,NA,NA,NA,Driving,
218,,,,Ian Avila,,12/25/1993,Chicago,I did not attend a City Year school,Transgender Male,,,,,,,White/Caucasian,,Some College,,No,,,,,,,,,,,,,,Yes,3,Elementary School,,High School,Yes,,,High School,ELA,Trigonometry,Yes,,,,,,No,NA,NA,NA,NA,Public Transportation,
219,,,,Aimee Alcala,,6/12/1995,Chicago,I did not attend a City Year school,Female,,,,,,,White/Caucasian,,Bachelor's Degree,,No,,,,,,,,,,,,,,Yes,5,,Middle School,,Yes,,,,ELA,Algebra II,Yes,,,,,,No,NA,NA,NA,NA,Public Transportation,
220,,,,Arielle Pham,,11/15/1992,Chicago,Brian Piccolo Elementary School of Excellence,Female,African American/Black,,,,,,,,High School/GED,,No,,,,,,,,,,,,,,Yes,7,,,High School,Yes,,,,Either/No Preference,Algebra I,Yes,,,,,,No,NA,NA,NA,NA,Bicycling,
221,,,,Sione Renehan,,6/25/1991,Chicago,I did not attend a City Year school,Female,,,,,,,White/Caucasian,,High School/GED,,No,,,,,,,,,,,,,,Yes,1,,Middle School,,No,,,High School,Math,Algebra I,Yes,,,,,,No,NA,NA,NA,NA,Bicycling,
222,,,,Taurean Badri-Salih,,6/2/1991,Chicago,I did not attend a City Year school,Female,African American/Black,,,,,,,,Master's Desgree,,No,,,,,,,,,,,,,,Yes,9,,Middle School,,No,,,High School,Math,Algebra I,Yes,,,,,,No,NA,NA,NA,NA,Public Transportation,
223,,,,Rif'a al-Ullah,,7/19/1991,Chicago,I did not attend a City Year school,Male,,,,,,,White/Caucasian,,Bachelor's Degree,,Yes,,,,,,,Nepali,,,,,,Other,Yes,4,Elementary School,,,Yes,,,High School,Math,Algebra I,Yes,,,,,,No,NA,NA,NA,NA,Public Transportation,
224,,,,Micah Parris,,4/9/1994,Chicago,Schurz High School,Female,,,Asian,,,,,,Some College,,No,,,,,,,,,,,,,,Yes,5,,,,No,Elementary School,,,ELA,Calculus or higher,No,,,,,,No,NA,NA,NA,NA,Public Transportation,
225,,,,Andrew Vigil,,12/18/1992,Chicago,I did not attend a City Year school,Male,,,,,,,White/Caucasian,,Some College,,No,,,,,,,,,,,,,,No,,,,,,,Middle School,,ELA,Algebra II,No,,,,,,No,NA,NA,NA,NA,Bicycling,
226,,,,Rafeeqa al-Kamel,,1/22/1994,Chicago,Collins Academy High School,Female,African American/Black,,,Hispanic/Latino,,,,,High School/GED,,Yes,,,,,,,,,,,,,,No,,,,,,Elementary School,Middle School,,ELA,Algebra I,No,,,,,,No,NA,NA,NA,NA,Public Transportation,
227,,,,Saeed el-Halim,,9/22/1996,Chicago,I did not attend a City Year school,Female,,,,,,,White/Caucasian,,Bachelor's Degree,,Yes,,,,,,,,,Spanish,,,,,Yes,7,,Middle School,,Yes,Elementary School,Middle School,High School,Either/No Preference,Pre-algebra or lower,No,,,,,,No,NA,NA,NA,NA,Driving,
228,,,,Darryl Fields,,12/18/1993,Chicago,I did not attend a City Year school,Male,African American/Black,,,,,,,,High School/GED,,No,,,,,,,,,,,,,,Yes,7,Elementary School,,,No,,Middle School,,ELA,Calculus or higher,No,,,,,,No,NA,NA,NA,NA,Public Transportation,
229,,,,Jawaun Hassan,,6/20/1993,Chicago,I did not attend a City Year school,Female,,,,,,,White/Caucasian,,Bachelor's Degree,,No,,,,,,,,,,,,,,Yes,8,,,,No,,Middle School,High School,ELA,Algebra II,Yes,,,,,,No,NA,NA,NA,NA,Driving,
230,,,,Fabian Hernandez,,10/5/1993,Chicago,I did not attend a City Year school,Male,,,,,,,,Other,High School/GED,,No,,,,,,,,,,,,,,Yes,6,Elementary School,,,No,,Middle School,High School,ELA,Calculus or higher,No,,,,,,No,NA,NA,NA,NA,Public Transportation,
231,,,,Asad al-Akbar,,12/6/1995,Chicago,I did not attend a City Year school,Gender Nonconforming (GNC),,,,,,,White/Caucasian,,Bachelor's Degree,,Yes,,,,,,,,,,,,,,Yes,7,,,High School,No,,,High School,ELA,Pre-algebra or lower,No,,,,,,No,NA,NA,NA,NA,Driving,
232,,,,Anthony Grabb,,6/2/1994,Chicago,I did not attend a City Year school,Female,African American/Black,,,,,,,,High School/GED,,No,,,,,,,,,,,,,,No,,,,,,Elementary School,,High School,Math,Trigonometry,Yes,,,,,,No,NA,NA,NA,NA,Public Transportation,
233,,,,Aaron Chavez,,11/17/1993,Chicago,I did not attend a City Year school,Male,,,,,,,White/Caucasian,,Bachelor's Degree,,No,,,,,,,,,,,,,,No,,,,,,,,High School,Either/No Preference,Pre-algebra or lower,Yes,,,,,,No,NA,NA,NA,NA,Public Transportation,
234,,,,Duy Chen,,10/30/1991,Chicago,I did not attend a City Year school,Male,,,,,,,White/Caucasian,,Some College,,No,,,,,,,,,,,,,,Yes,11,,,,No,,,,Math,Algebra II,No,,,,,,No,NA,NA,NA,NA,Public Transportation,
235,,,,Tristine Curiel,,3/9/1993,Chicago,Amos Alonzo Stagg Elementary School of Excellence,Female,,,,,,,White/Caucasian,,Bachelor's Degree,,No,,,,,,,,,,,,,,Yes,8,Elementary School,,,No,,Middle School,,ELA,Algebra II,No,,,,,,No,NA,NA,NA,NA,Public Transportation,
236,,,,Sundus el-Safar,,6/1/1991,Chicago,Chalmers School of Excellence,Male,African American/Black,,,,,,,,Bachelor's Degree,,Yes,,,,,,,,,Spanish,,,,,Yes,5,,,,No,,Middle School,,Math,Calculus or higher,No,,,,,,No,NA,NA,NA,NA,Public Transportation,
237,,,,Christopher Alkire,,6/22/1994,Chicago,I did not attend a City Year school,Male,African American/Black,,,,,,,,High School/GED,,No,,,,,,,,,,,,,,No,,,,,,Elementary School,,High School,ELA,Trigonometry,No,,,,,,No,NA,NA,NA,NA,Driving,
238,,,,Warda al-Farag,,10/4/1992,Chicago,Herzl School of Excellence,Male,,,,,,,White/Caucasian,,Bachelor's Degree,,Yes,Arabic,,,,,,,,,,,,,No,,,,,,Elementary School,,High School,Math,Trigonometry,No,,,,,,No,NA,NA,NA,NA,Driving,
239,,,,Desiree Daniel,,9/6/1993,Chicago,I did not attend a City Year school,Male,African American/Black,,,Hispanic/Latino,,,,,Bachelor's Degree,,No,,,,,,,,,,,,,,Yes,1,Elementary School,,High School,No,Elementary School,,,Math,Algebra II,No,,,,,,No,NA,NA,NA,NA,Public Transportation,
240,,,,Jihaad el-Nagi,,8/31/1993,Chicago,I did not attend a City Year school,Female,,,Asian,,,,,,Bachelor's Degree,,Yes,,,,,,,,,Spanish,,,,,No,,,,,,,,,ELA,Pre-algebra or lower,No,,,,,,No,NA,NA,NA,NA,Public Transportation,
241,,,,Scott Qasemi,,7/23/1996,Chicago,I did not attend a City Year school,Male,African American/Black,,,,,,,,High School/GED,,No,,,,,,,,,,,,,,Yes,4,,,High School,No,,,,Either/No Preference,Pre-algebra or lower,Yes,,,,,,No,NA,NA,NA,NA,Public Transportation,
242,,,,Tasia Asamoah,,11/27/1995,Chicago,I did not attend a City Year school,Female,,,Asian,,,,,,Bachelor's Degree,,No,,,,,,,,,,,,,,No,,,,,,Elementary School,Middle School,,Math,Calculus or higher,No,,,,,,No,NA,NA,NA,NA,Walking,
243,,,,David Whisler,,7/24/1991,Chicago,I did not attend a City Year school,Female,African American/Black,,,,,,White/Caucasian,,Some College,,No,,,,,,,,,,,,,,Yes,1,,,,No,,Middle School,High School,ELA,Trigonometry,No,,,,,,No,NA,NA,NA,NA,Public Transportation,
244,,,,Marwaan al-Bacchus,,7/21/1994,Chicago,I did not attend a City Year school,Female,,,,,,,White/Caucasian,,Bachelor's Degree,,Yes,,,,,,,,,,,,,,Yes,6,,Middle School,,No,,,,ELA,Pre-algebra or lower,Yes,,,,,,No,NA,NA,NA,NA,Driving,
245,,,,Anita Ellison,,4/5/1994,Chicago,I did not attend a City Year school,Female,,,,,,,White/Caucasian,,High School/GED,,No,,,,,,,,,,,,,,No,,,,,,,Middle School,High School,Either/No Preference,Algebra I,No,,,,,,No,NA,NA,NA,NA,Driving,
246,,,,Khairi el-Salehi,,4/1/1991,Chicago,I did not attend a City Year school,Male,,,,,,,White/Caucasian,,High School/GED,,Yes,,,,,,French,,,Spanish,,,Vietnamese,,Yes,2,Elementary School,Middle School,,No,,,High School,ELA,Algebra II,Yes,,,,,,No,NA,NA,NA,NA,Public Transportation,
247,,,,David Ocloo,,12/8/1993,Chicago,I did not attend a City Year school,Female,African American/Black,,,,,,,,Bachelor's Degree,,No,,,,,,,,,,,,,,No,,,,,,,,,ELA,Trigonometry,Yes,,,,,,No,NA,NA,NA,NA,Driving,
